file,sha256,bytes,fetched_at
bls/benchmark/ces-benchmark-revision-2002.pdf,13df508cbc86c40a248bec72c0979bb399ddb583c595718da390a473c4bca55e,82649,2026-09-15T17:43:58Z
bls/benchmark/ces-benchmark-revision-2002.txt,570e60ea09d80d61e3feed1640e608101a33e92476e9ed00901cd7d1022cd99f,129199,2026-09-15T17:43:58Z
bls/benchmark/ces-benchmark-revision-2003.pdf,6c2f5bd5ee90c893e70e4c8bb3a008e3bdad9e8f984abf613143fa8d529c76ed,102440,2026-09-15T17:43:58Z
bls/benchmark/ces-benchmark-revision-2003.txt,c145b26aa2c46bdf4b5cad3881f3ccd7bca2efae513282703a4fbefa9d03181b,109188,2026-09-15T17:43:58Z
bls/benchmark/ces-benchmark-revision-2004.pdf,4ce91c8cf78635fc57c164b3f07a5b5b7a3c48c3f9258e9e8ac9128e204a7c4e,165715,2026-09-15T17:43:58Z
bls/benchmark/ces-benchmark-revision-2004.txt,6ac9b4cc22632ef0e56865d5c508712e83e74955c059fce766fc568d53dbb970,78902,2026-09-15T17:43:58Z
bls/benchmark/ces-benchmark-revision-2005.pdf,8d15bfad776474dbd0a7abf01920a99f40f7035940ef7517b0b60db001f42eaf,168227,2026-09-15T17:43:58Z
bls/benchmark/ces-benchmark-revision-2005.txt,c6531d7742aa986a5b6e01357507d14fe5db5a7eb6c3d9e07ba87e9b2c5fbc3b,75720,2026-09-15T17:43:58Z
bls/benchmark/ces-benchmark-revision-2006.pdf,0d21c3df3f29307f591a3c259034abb745af96b5cdd326ca9f12c49966c18941,236044,2026-09-15T17:43:58Z
bls/benchmark/ces-benchmark-revision-2006.txt,d8dcf5c38a0bb8bf3db9087bdba6a226bbc32e99093f0384e105b91d51600795,100098,2026-09-15T17:43:58Z
bls/benchmark/ces-benchmark-revision-2007.pdf,72851aa24f6cdaf823672a3c3a4c8c75ab950232bc7af78d3e5ee337fb9924dc,210015,2026-09-15T17:43:58Z
bls/benchmark/ces-benchmark-revision-2007.txt,bc921946b40180183e7e8254fb5d397d1c93a0286c8f4664c22766bdffcf37ac,113669,2026-09-15T17:43:58Z
bls/benchmark/ces-benchmark-revision-2008.pdf,7ae1db1a6a744d1520ac05151a1361ebfadc66040365b64e6ca88c19817b91c0,932787,2026-09-15T17:43:58Z
bls/benchmark/ces-benchmark-revision-2008.txt,4eb4c59b43950e8c57331e9d27964e2a889a289c228cd0c177168ab7a47aff57,89146,2026-09-15T17:43:58Z
bls/benchmark/ces-benchmark-revision-2009.pdf,91aff6a13e1a70fc48c5d7056b5b908e995f195fbdc58b14e0c70c3abc1756a1,796713,2026-09-15T17:43:58Z
bls/benchmark/ces-benchmark-revision-2009.txt,7052965e9c615cfbbf8a41d38fd0b5d7a36013f34440558e6f3b13e9e7bd5b46,102211,2026-09-15T17:43:58Z
bls/benchmark/ces-benchmark-revision-2010.pdf,d62d840b0fefbdeb395bf06f7a27925d08f76a905d4e8b2d00bbdeec3c83810e,1872678,2026-09-15T17:43:58Z
bls/benchmark/ces-benchmark-revision-2010.txt,0287429fc72275bd569b6bf413f6240c14af426d622285f814c2b145e7fee641,112359,2026-09-15T17:43:58Z
bls/benchmark/ces-benchmark-revision-2011.pdf,33ae448d85a53c4bb8a2485db90feaf27e6c39e1d23f8b27b8d4ac10807b6d32,1666005,2026-09-15T17:43:58Z
bls/benchmark/ces-benchmark-revision-2011.txt,89c46c08d0e43b784f405ec371e5bf75205f37096f8cb60f1a203504dd25a7a6,119022,2026-09-15T17:43:58Z
bls/benchmark/ces-benchmark-revision-2012.pdf,1b7f142b210a4fee89253d3754a445765c3e85cff7f51c7d4562567af7d1beda,1861095,2026-09-15T17:43:58Z
bls/benchmark/ces-benchmark-revision-2012.txt,566f4adce9db0e36609122f6c6917b88fe36ffcdb19243e17f35c89ae97449da,217377,2026-09-15T17:43:58Z
bls/benchmark/ces-benchmark-revision-2013.pdf,15b8febcd209670d09a4c455951ccc2cbbfedebf76173b2fc7c5b504bf070c91,956731,2026-09-15T17:43:58Z
bls/benchmark/ces-benchmark-revision-2013.txt,3a99a47000f0d971d951a6973ee78ac31bdefdce772f4c3d1736bcf72c01ab23,116377,2026-09-15T17:43:58Z
bls/benchmark/ces-benchmark-revision-2014.pdf,9c6c13bcb2b9e77fd8b89d9db1bce50857ab9792b8e8338494fa7fdcbaaa90a5,1006151,2026-09-15T17:43:58Z
bls/benchmark/ces-benchmark-revision-2014.txt,30ab183e9540b23432c35e0a1915db8ca47aeaf099a7145bf3762a6611cf1228,85342,2026-09-15T17:43:58Z
bls/benchmark/ces-benchmark-revision-2015.pdf,e742e201decf612bdc8af5956fa9038d5c9bf53c2c549f07dffdedb5b805e848,491441,2026-09-15T17:43:58Z
bls/benchmark/ces-benchmark-revision-2015.txt,ac6c889da257178b091ee82da518d5e8575f4b39730e52c63784d982a010f1a6,114261,2026-09-15T17:43:58Z
bls/benchmark/ces-benchmark-revision-2016.pdf,a38faf37d2a5d98e307d35c6738e4d9beb9380dc1f5f8314ed082311406ffabb,457864,2026-09-15T17:43:58Z
bls/benchmark/ces-benchmark-revision-2016.txt,4791c4242595bd867b41a3c9b92150b3e98040bb95b97ee8978515093a31c4f2,100140,2026-09-15T17:43:58Z
bls/benchmark/ces-benchmark-revision-2017.pdf,77c49415c64d823c9bcbc95357b88b9b7beabbcf8d7d8500f188ea93460ca343,567229,2026-09-15T17:43:58Z
bls/benchmark/ces-benchmark-revision-2017.txt,c9aaaa4f71f33656d90dfb76b117854662846b93db4dd9a3601eed57afc98ed3,167745,2026-09-15T17:43:58Z
bls/benchmark/ces-benchmark-revision-2018.pdf,132e4cb1218b21bd8f25b6aa68a5c9be3768fe66337fe77fd7b663c6ee0bae02,733874,2026-09-15T17:43:58Z
bls/benchmark/ces-benchmark-revision-2018.txt,0b8f3006322cf2f464a1cc4aa28aa34fd85e61472951a064f5a04ec8fa4084f5,95808,2026-09-15T17:43:58Z
bls/benchmark/ces-benchmark-revision-2019.pdf,b451c910c42656af31806e6968cb9ea59fb7e3699f6a5911e6292dfb84aa438a,567906,2026-09-15T17:43:58Z
bls/benchmark/ces-benchmark-revision-2019.txt,5afddd1f89df6973f6dd59c51dce2fdc20691eb136b2ce2edfa8f5edf788badb,88958,2026-09-15T17:43:58Z
bls/benchmark/ces-benchmark-revision-2020.pdf,6d66973a0b9e7190eb9d860be54cb03bcbe873e4020cacd97d5d09b584dbb79e,532202,2026-09-15T17:43:58Z
bls/benchmark/ces-benchmark-revision-2020.txt,ee96636f786698b1c5df3ec5abd9b9fca6ea2be220981835f89a9f4320bf12ae,80262,2026-09-15T17:43:58Z
bls/benchmark/ces-benchmark-revision-2021.pdf,252cd8c2d077cb08c59596685bffe5af4d7b13d162f2641b09b32b5911b3301b,540875,2026-09-15T17:43:58Z
bls/benchmark/ces-benchmark-revision-2021.txt,be3e2f34784d1c83ab41929033623d22f3313468fce804f7365492d7e7b15588,88604,2026-09-15T17:43:58Z
bls/benchmark/ces-benchmark-revision-2022.pdf,30f014a6928707dc29cae7e0b454f574efa75305db2894cdf6f37f225afe2a2d,609657,2026-09-15T17:43:58Z
bls/benchmark/ces-benchmark-revision-2022.txt,89be99230eeefe29b5f509ed9b717458b9585ae1c62b9bc21e778bee901e76c7,105752,2026-09-15T17:43:58Z
bls/benchmark/ces-benchmark-revision-2023.pdf,94434e056a0929e62e370a959f8841e0bf59f850da9f39edf2f6b0be184131d6,464121,2026-09-15T17:43:58Z
bls/benchmark/ces-benchmark-revision-2023.txt,4ccb6db92d3c642be755becdda6ea87f727bbe3cae7f3751cdc62cbb0f66d46b,85373,2026-09-15T17:43:58Z
bls/benchmark/ces-benchmark-revision-2024.pdf,2dd9fbcf58e42e1c319bed4523eb8950a538eef04eec87857f56a21862046d63,724410,2026-09-15T17:43:58Z
bls/benchmark/ces-benchmark-revision-2024.txt,4dff763a48e98e28125fa0d927c0248d7e527177e686cd79c60f48f3ea62adf7,115539,2026-09-15T17:43:58Z
bls/benchmark/ces-benchmark-revision-2025.pdf,4cad659d56b92895f09a0dddecfd8de4a9d8cda6661abb034a01f3d1f5d7dd7b,508106,2026-09-15T17:43:58Z
bls/benchmark/ces-benchmark-revision-2025.txt,3b8fcd7a6121f7df03bad6e773d717f7fe8e4ac8047a1d7b756c3562464e56c9,68941,2026-09-15T17:43:58Z
bls/ces-100-years.htm,705e9985e60aa842b474095ee76ff92891941ee2b37fe8b71119d9a728ed1041,99268,2026-09-15T17:43:58Z
bls/cesbd-current.htm,57ee29800933a1f77d25751be86ec9669a64482f165bac85c809b87a9915a5ec,85669,2026-09-15T17:43:58Z
bls/cesbd-faq.htm,a4828548b67f6ebb13ffed63f8b79e6e4f94d0dcb5af60e532353136bfafe647,85755,2026-09-15T17:43:58Z
bls/cesbd-history.htm,acffb80bae241440a9981d48d7886bdd4c4e2a067dbf615b68cd17f480c854e1,396287,2026-09-15T17:43:58Z
bls/cestn.htm,420081d6cce9ebb4b141992ca9f35f8f7a1145be55285e080e12af2167cbcee2,125471,2026-09-15T17:43:58Z
bls/preliminary/empsit-2002.pdf,7c29351289f442dd47b53747cbfa24a43fef9e05c7a9f5eb0aca7e8d6cef9c1a,180627,2026-09-15T17:43:58Z
bls/preliminary/empsit-2002.txt,273600e492c9fd5f7442fdedb87fadc1f76c120ab33b2a9a4c58ed58c574cdc2,160449,2026-09-15T17:43:58Z
bls/preliminary/empsit-2003.pdf,a7cfeb2171a7aead99c3f5d93757ef00e8c1336b6755f68de6fecb995de0a973,195919,2026-09-15T17:43:58Z
bls/preliminary/empsit-2003.txt,12c6d33bab978f2edc6c20cbef8ba03dbb6ff99c070724520bf10d8747e3a19d,202089,2026-09-15T17:43:58Z
bls/preliminary/empsit-2004.pdf,23f2c00e7e6ae2a6f0bb7b6918042eaa5cdac2df2d2402d9b989bdd9aaddb0fa,220179,2026-09-15T17:43:58Z
bls/preliminary/empsit-2004.txt,16fa3c338bccd530960e752ccaa853a6ad0280cc3f9c2837129d8fe39a25ba1d,200959,2026-09-15T17:43:58Z
bls/preliminary/empsit-2005.pdf,aeb0b3cef2a2a2d4e3652cd573cd80b35abfe243b4efa5cc9e3db8927a3adc86,169233,2026-09-15T17:43:58Z
bls/preliminary/empsit-2005.txt,97e950562d233616e586d004b6a5f2c67f1a72c2aed6ab263baf9d54ce05a1d3,203092,2026-09-15T17:43:58Z
bls/preliminary/empsit-2006.pdf,8b8a477d8a37f32265c2f568c8c3720250cc61e4c25843e574bda1c5ccd7f1e8,180996,2026-09-15T17:43:58Z
bls/preliminary/empsit-2006.txt,b427a632bf975dd7ba9493b0c4f3fe195129cdca69e59b9b5cd17e1014bc0535,207687,2026-09-15T17:43:58Z
bls/preliminary/empsit-2007.pdf,aa084a1f1ccbbe91224ef9dcec09105c631482a8625b7d3bede9f7ba31ecf355,197342,2026-09-15T17:43:58Z
bls/preliminary/empsit-2007.txt,cc6312b00c4dbf32eb09bd1265dfec535128133c440c1059902b2e882cee92fe,202025,2026-09-15T17:43:58Z
bls/preliminary/empsit-2008.pdf,4b8cd52dcf19f5026f7653fa968934e6a3c7eba4c8c255f015aabc478b73867d,197796,2026-09-15T17:43:58Z
bls/preliminary/empsit-2008.txt,cd66f54b5826ba50465d1218ee6f7f4feb52d840fe89db5bfe25f9b12c112b34,205451,2026-09-15T17:43:58Z
bls/preliminary/empsit-2009.pdf,f72a1ed2fc0f99193afa06068d16aafdf1930a36ac4602692f668b810d03f753,250039,2026-09-15T17:43:58Z
bls/preliminary/empsit-2009.txt,4d298837f56f5b59326b2b39b5b06f6e9ab45a3151ddc7e64497dc83edc0d561,197973,2026-09-15T17:43:58Z
bls/preliminary/empsit-2010.pdf,d4b5d582a363c57428a515ef6b2861adb4798712f376930252f62cab70fcdc6f,245617,2026-09-15T17:43:58Z
bls/preliminary/empsit-2010.txt,23aaf033b00e1b9974ad30ed440c4e1616f742bb19ac747483c148a1de006d29,242392,2026-09-15T17:43:58Z
bls/preliminary/empsit-2011.pdf,ae588734b8ba988f284beb35e04ca9c7cc71bbe81bae46439c4d59a760480fe8,273660,2026-09-15T17:43:58Z
bls/preliminary/empsit-2011.txt,5713bb200a898adff8235da61ba953e445f87380300f272db5be42a441da29f8,240219,2026-09-15T17:43:58Z
bls/preliminary/empsit-2012.pdf,eeea5ee2819700225866c1f5483ae4b2a513651de3aa8b7a7b8f5605f0d2ea48,288828,2026-09-15T17:43:58Z
bls/preliminary/empsit-2012.txt,6ca101bfea5f32a213882dc8df8feb03676dd73a7de0b4e845a61d2e2bcc6781,239792,2026-09-15T17:43:58Z
bls/preliminary/empsit-2013.pdf,50bd9b697bd812492b2d819b1bcb079d282630445bd6c0e63d424e82881bef66,226449,2026-09-15T17:43:58Z
bls/preliminary/empsit-2013.txt,21d140f709a63cea3f197e7b66c4c56f4a8c9b225442a872a86e104fc9a9c3f9,240777,2026-09-15T17:43:58Z
bls/preliminary/empsit-2014.pdf,35a50f539b4357deac5484611acffa1ba87c470eabef8f26185fbefbaf5a2a33,230584,2026-09-15T17:43:58Z
bls/preliminary/empsit-2014.txt,56d2c5ab3e173b3defad83c8835f99456ba94f7210f72df3d457acb643871542,239712,2026-09-15T17:43:58Z
bls/preliminary/empsit-2015.pdf,50418f62e78a0a5a3e00ecf720d56e649852867cee4ec1f92a44ffb67506153e,207496,2026-09-15T17:43:58Z
bls/preliminary/empsit-2015.txt,6fd216f5e42d820fd5f3e6d641cb0302afb8ef993803f97ea77ef4f280931ba3,239002,2026-09-15T17:43:58Z
bls/preliminary/empsit-2016.pdf,94d8d6fed049bcf973d2b3240182be00a3cdea4fdd49b3d63d923e305241d9fa,268615,2026-09-15T17:43:58Z
bls/preliminary/empsit-2016.txt,e9b87a10cb6a11b2b99ea7e1e4f9d873fe620e728fed1c0f2aba859fee152e6d,244475,2026-09-15T17:43:58Z
bls/preliminary/empsit-2017.pdf,29672fe65d9e92038c7c5b76209be55d278d072111c3d70220ad764871d0e51e,296001,2026-09-15T17:43:58Z
bls/preliminary/empsit-2017.txt,90f83ab4183abdbe0fb26d4f4decf78f994bb8df6d2f154a497c55eea36938a0,244749,2026-09-15T17:43:58Z
bls/preliminary/empsit-2018.pdf,4cf773acd860d1f7cd15202f8a94830414af9848c6aa843459fa922aef393210,304258,2026-09-15T17:43:58Z
bls/preliminary/empsit-2018.txt,5e1a75403661475fe8abb4698142201d2647d5a23ea93aebf266b888ee40d89a,246561,2026-09-15T17:43:58Z
bls/preliminary/jec-2000.txt,82f1e5b866180b6a53f94d5ffba43115d37834fd797c3ee8e853636f1a2f8081,6164,2026-09-15T17:43:58Z
bls/preliminary/jec-2001.txt,5ddb9de146c8bf73ec0e88f2985b242b2a2e882a88a3d440c7491067a0cc40f0,6794,2026-09-15T17:43:58Z
bls/preliminary/prebmk-2025.htm,a33ca41a1bd53c64645d47ce01d3d394e7fe7f349c691b08459357401c6819a2,61549,2026-09-15T17:43:58Z
bls/preliminary/prebmk-2026.htm,0e480454435a5a120160891041cf24a265c704f083e04b7a5d97681b0e9f50f1,46621,2026-09-15T17:43:58Z
bls/preliminary/preliminary-2019.htm,8a1af717ec5f06a721e7bdf617b16037b02ba8be09e9a4d7aa1b08cb2e461ad2,58028,2026-09-15T17:43:58Z
bls/preliminary/preliminary-2020.htm,e9d677b48d8250365e474bcfafe38075847b7a42121c62e828b2c56d0e4e0f80,88018,2026-09-15T17:43:58Z
bls/preliminary/preliminary-2021.htm,2f9abb12cb5f304c9c18b7bdcf0c87819fce3dae54ea8efde017bc840c145d60,87531,2026-09-15T17:43:58Z
bls/preliminary/preliminary-2022.htm,4f72a7965f4e0c8fa3e3abe4c3e597a493f6b4dd164a02910ae7075ddf7dee9b,87679,2026-09-15T17:43:58Z
bls/preliminary/preliminary-2023.htm,1afea1005f0e56146d96f79e46c083e336be1cd7f31b010142f05588c105cb6a,87785,2026-09-15T17:43:58Z
bls/preliminary/preliminary-2024.htm,2b3997fa5aefe311b926d96aee395aedd6b0921b586154f7ebfc0707a3783040,87856,2026-09-15T17:43:58Z
bls/qcew-product-timing.htm,e40094d097527f3c216948d2d0775ca27382c2598968e320886b060d7cb1a8e4,64616,2026-09-15T17:43:58Z
bls/qcew-release-archive.htm,c64c481ed0deff386bcf9dbceb2d27dc46d08cc020bb3674edf64aa139cf06e7,64142,2026-09-15T17:43:58Z
bls/qcew-release-calendar.htm,b35d012efc3291689f5b6c280abb2791969eb85c92e7e29fe87f583973fc093e,78134,2026-09-15T17:43:58Z
bls/qcew-revisions.csv,0953b060e139bcba235652547a4f9d204543cbe06253501ddff17d6a84767ea7,991632,2026-09-15T17:43:58Z
dol/cbj-2024-v3-01.pdf,9f6c541f1494c229382115c928ed336a6a4ee45b2dabc54cba40b44dc3cad6ff,930492,2026-09-15T17:43:58Z
dol/cbj-2024-v3-01.txt,2a8584b102691c1b11d29003ffaac62640bcccd659e8f121a9d1de2f39f0c3ad,252130,2026-09-15T17:43:58Z
dol/cbj-2027-v3-01.pdf,3f6664639cb4994878eeacfa6f807edb406571fab6da3393257f1dbe40515f90,704912,2026-09-15T17:43:58Z
dol/cbj-2027-v3-01.txt,bcd8934d4d55f068b0d9f902c26fc0d2d7ab2fc712a21c00b8018bb5b1dc7f7f,190979,2026-09-15T17:43:58Z
fraser/employment-and-earnings-june-1980.pdf,56863fb20e378d97b04282410e13e209d6754275bdb9600138562da5f9ae7f60,5081563,2026-09-15T17:43:58Z
fraser/employment-and-earnings-june-1980.txt,6fede26bfee592c68732ab54979a89c47e643a13b0e934c5a7bb748a040a5bcd,1528696,2026-09-15T17:43:58Z
fraser/employment-situation-june-1981.pdf,befc36a4f346ba1d5c9d1a58358f06ab0338b4bfbb0128d667cbac818bd6230c,1403734,2026-09-15T17:43:58Z
fraser/employment-situation-june-1981.txt,2b4594413c2ee861f25afbfdf4c6dc4bcf42907905f0c430f7b70e43269c5871,218967,2026-09-15T17:43:58Z
internet-archive/coverage/coverage-2002.htm,3422128347af1cbf426bad9c2a60850725096c247837ab93b6d5aa9ad9ae2c76,136283,2026-09-15T17:43:58Z
internet-archive/coverage/coverage-2003.htm,600c9f9d10e484514c8483ee68fb2d3b5a0e7fa32fe5e828dbf2408332c4266a,159020,2026-09-15T17:43:58Z
internet-archive/coverage/coverage-2004.htm,197859f7148eebb1905dee35395cfb6a691f9688fee26645c8f7f792df557e28,151518,2026-09-15T17:43:58Z
internet-archive/coverage/coverage-2005.htm,e3734cc1f44d632d7028c61bdf07b5d20436a0c08684083c95d9cd39fc653519,196928,2026-09-15T17:43:58Z
internet-archive/coverage/coverage-2006.htm,2a753f7a815e216b3da026678065a0fafeb07c0bcd5d628a70f09f0fafa930d8,318117,2026-09-15T17:43:58Z
internet-archive/coverage/coverage-2007.htm,687e9a52a4b8fc8d974cee6c8af4a4caa2a8e07a7242ccaaf2fa2ff8b386ba68,130900,2026-09-15T17:43:58Z
internet-archive/coverage/coverage-2008.htm,d9826bffe0d1c9f5ad0235dd6d46aee9d0b8a145e531bed88b756a2e6118fde0,133102,2026-09-15T17:43:58Z
internet-archive/coverage/coverage-2009.htm,aed22e3d6fa8631698f901782517a7d2c8b29beed667ef36cd47afcb100a2b9f,44816,2026-09-15T17:43:58Z
internet-archive/coverage/coverage-2010.htm,b3116cafbfc8a1f8d256b365f9992ab26288d5f74508ee6c21cc20e7547d921c,51739,2026-09-15T17:43:58Z
internet-archive/coverage/coverage-2011.htm,26ed2af310cc4dafe505d6372256d63a76c06fb61c73b9307344fb8e13a53efc,53862,2026-09-15T17:43:58Z
internet-archive/coverage/coverage-2013.htm,32c8416a09ac1187bfba1f870011984a20863bdcb6d1fe74e9f58abd0419e909,272045,2026-09-15T17:43:58Z
internet-archive/coverage/coverage-2014.htm,b721e838184bccd9244b9ab4c414df8fa6fbaeb5b01c8637bb7317d5b5b8efa6,304502,2026-09-15T17:43:58Z
internet-archive/coverage/coverage-2015.htm,9c15b85dc2209ea1127180597e61f8ae48ad9ce446659d5430d2c149a73bb84f,309897,2026-09-15T17:43:58Z
internet-archive/coverage/coverage-2016.htm,e7817d20a2072f7de2b1946188e173b6078077d331dde19d69cd2d51891a9995,306432,2026-09-15T17:43:58Z
internet-archive/coverage/coverage-2017.htm,5a3086a79e339b7d502ef0fd8d5fc5f4abe5264d9a142e1973eabfed98673917,349143,2026-09-15T17:43:58Z
internet-archive/coverage/coverage-2018.htm,9a54c41c91fa571c391cfc2dab4a00894522ec885e7f6cc0fc19b16dde22c879,361907,2026-09-15T17:43:58Z
internet-archive/coverage/coverage-2019.htm,70e0d0898c4ef2af9a31fc835d3ef0bae2273ce76be4899cf3f08b9ad6c92538,388395,2026-09-15T17:43:58Z
internet-archive/coverage/coverage-2020.htm,a2391344bcff50b755eafcea05918e8cdce15cd9c8b661bedf03c11459d78ca8,402848,2026-09-15T17:43:58Z
internet-archive/coverage/coverage-2021.htm,658d69ddac51aa7bcb84eaaddba7f3cb4ec654818523e7098d135a443a0283ce,388716,2026-09-15T17:43:58Z
internet-archive/coverage/coverage-2022.htm,47bd2583544aa59bda24e3f79fea355dcc5ec60a48ce0205ed8c15e56fb3f2b4,398751,2026-09-15T17:43:58Z
internet-archive/coverage/coverage-2023.htm,6f295a06a152160a5d461deb9f45c5d797c143aa0fbb9df858234aaaaec29253,108340,2026-09-15T17:43:58Z
internet-archive/coverage/coverage-2024.htm,26f7a721680066e78ea35bf600bb45bf681e388741c86401c28ea869c0f93cc5,110763,2026-09-15T17:43:58Z
internet-archive/coverage/coverage-2025.htm,420081d6cce9ebb4b141992ca9f35f8f7a1145be55285e080e12af2167cbcee2,125471,2026-09-15T17:43:58Z
internet-archive/rse-change/rse-change-2016.htm,e7817d20a2072f7de2b1946188e173b6078077d331dde19d69cd2d51891a9995,306432,2026-09-15T17:43:58Z
internet-archive/rse-change/rse-change-2017.htm,5a3086a79e339b7d502ef0fd8d5fc5f4abe5264d9a142e1973eabfed98673917,349143,2026-09-15T17:43:58Z
internet-archive/rse-change/rse-change-2018.htm,9a54c41c91fa571c391cfc2dab4a00894522ec885e7f6cc0fc19b16dde22c879,361907,2026-09-15T17:43:58Z
internet-archive/rse-change/rse-change-2019.htm,70e0d0898c4ef2af9a31fc835d3ef0bae2273ce76be4899cf3f08b9ad6c92538,388395,2026-09-15T17:43:58Z
internet-archive/rse-change/rse-change-2020.htm,a2391344bcff50b755eafcea05918e8cdce15cd9c8b661bedf03c11459d78ca8,402848,2026-09-15T17:43:58Z
internet-archive/rse-change/rse-change-2021.htm,658d69ddac51aa7bcb84eaaddba7f3cb4ec654818523e7098d135a443a0283ce,388716,2026-09-15T17:43:58Z
internet-archive/rse-change/rse-change-2022.htm,47bd2583544aa59bda24e3f79fea355dcc5ec60a48ce0205ed8c15e56fb3f2b4,398751,2026-09-15T17:43:58Z
internet-archive/rse-change/rse-change-2023.htm,6f295a06a152160a5d461deb9f45c5d797c143aa0fbb9df858234aaaaec29253,108340,2026-09-15T17:43:58Z
internet-archive/rse-change/rse-change-2024.htm,26f7a721680066e78ea35bf600bb45bf681e388741c86401c28ea869c0f93cc5,110763,2026-09-15T17:43:58Z
internet-archive/rse-change/rse-change-2025.htm,420081d6cce9ebb4b141992ca9f35f8f7a1145be55285e080e12af2167cbcee2,125471,2026-09-15T17:43:58Z
internet-archive/rse-level/rse-level-2002.htm,3422128347af1cbf426bad9c2a60850725096c247837ab93b6d5aa9ad9ae2c76,136283,2026-09-15T17:43:58Z
internet-archive/rse-level/rse-level-2003.htm,600c9f9d10e484514c8483ee68fb2d3b5a0e7fa32fe5e828dbf2408332c4266a,159020,2026-09-15T17:43:58Z
internet-archive/rse-level/rse-level-2004.htm,197859f7148eebb1905dee35395cfb6a691f9688fee26645c8f7f792df557e28,151518,2026-09-15T17:43:58Z
internet-archive/rse-level/rse-level-2005.htm,e3734cc1f44d632d7028c61bdf07b5d20436a0c08684083c95d9cd39fc653519,196928,2026-09-15T17:43:58Z
internet-archive/rse-level/rse-level-2006.htm,2a753f7a815e216b3da026678065a0fafeb07c0bcd5d628a70f09f0fafa930d8,318117,2026-09-15T17:43:58Z
internet-archive/rse-level/rse-level-2007.htm,687e9a52a4b8fc8d974cee6c8af4a4caa2a8e07a7242ccaaf2fa2ff8b386ba68,130900,2026-09-15T17:43:58Z
internet-archive/rse-level/rse-level-2008.htm,d9826bffe0d1c9f5ad0235dd6d46aee9d0b8a145e531bed88b756a2e6118fde0,133102,2026-09-15T17:43:58Z
internet-archive/rse-level/rse-level-2009.htm,2dfe2372ec6aee2b89f183d1779b1eb74802d2294fe447f89b1b059f6f203915,700850,2026-09-15T17:43:58Z
manual/benchmark-sector-cells.csv,4b6d273de58c50a2779227c0510a70e4f486276e5d052fc08917d94421514725,29764,2026-09-15T17:43:58Z
manual/birth-death-annual-cells.csv,bae96bf39d5f06afc8a274d9e485d63b36d1a98e6798f0d6c4a2c11ac63e5a67,25289,2026-09-15T17:43:58Z
manual/birth-death-rules.csv,d8654b98e30dfa185c8ef17bce85d95ff901afe99be09d75e6d0c8f8dd39d940,248,2026-09-15T17:43:58Z
manual/final-carrier-overrides.csv,47b07bec37f74459db1f115acc26840fe4814381064b02c74bc2bfaac957dc01,811,2026-09-15T17:43:58Z
manual/publication-dates.csv,d97f700beae24f0ce3b23e4dcfd44d196d5700f9f8b3731f576ac43f7780a149,6332,2026-09-15T17:43:58Z
manual/qcew-publication-dates.csv,542a4e43f3ccdd2dcf9d1ac9c9570bcbc40ace7b5779f9c5d09fcfa28b301d90,5149,2026-09-15T17:43:58Z
manual/reconstruction-events.csv,33a38b4501bdc1a9e8d5be37ad53e20ab64377bcedab5be9f44e8159d1312ded,5547,2026-09-15T17:43:58Z
manual/sample-source-regimes.csv,8162f125a8661ad1e6e286cd7cb1e74189c4827f7b052a715bc8a302d64b87ab,4687,2026-09-15T17:43:58Z
source-catalog.csv,2cbb5d8754d2f3da41aedd9701217244c257c63ac927ae7b4c78835b385eb1e6,22271,2026-09-15T17:43:58Z
