source_id,role,benchmark_year,status,url,file,capture_timestamp,original_url,source_locator
cestn-current,technical_notes,2025,available,https://www.bls.gov/web/empsit/cestn.htm,bls/cestn.htm,,,Tables 1 4 and 5
cesbd-history,birth_death_history,,available,https://www.bls.gov/web/empsit/cesbdhst.htm,bls/cesbd-history.htm,,,historical annual tables
cesbd-current,birth_death_current,2025,available,https://www.bls.gov/web/empsit/cesbd.htm,bls/cesbd-current.htm,,,current annual table
cesbd-faq,birth_death_scope,,available,https://www.bls.gov/web/empsit/cesbdqa.htm,bls/cesbd-faq.htm,,,private-industry scope
qcew-revisions,qcew_revisions,,available,https://www.bls.gov/cew/revisions/qcew-revisions.csv,bls/qcew-revisions.csv,,,national employment revision rows
qcew-release-archive,publication_evidence,,available,https://www.bls.gov/bls/news-release/cewqtr.htm,bls/qcew-release-archive.htm,,,2017 through 2026 quarterly release links
benchmark-article-2002,benchmark_article,2002,available,https://www.bls.gov/ces/publications/benchmark/ces-benchmark-revision-2002.pdf,bls/benchmark/ces-benchmark-revision-2002.pdf,,,benchmark article tables
benchmark-article-2003,benchmark_article,2003,available,https://www.bls.gov/ces/publications/benchmark/ces-benchmark-revision-2003.pdf,bls/benchmark/ces-benchmark-revision-2003.pdf,,,benchmark article tables
benchmark-article-2004,benchmark_article,2004,available,https://www.bls.gov/ces/publications/benchmark/ces-benchmark-revision-2004.pdf,bls/benchmark/ces-benchmark-revision-2004.pdf,,,benchmark article tables
benchmark-article-2005,benchmark_article,2005,available,https://www.bls.gov/ces/publications/benchmark/ces-benchmark-revision-2005.pdf,bls/benchmark/ces-benchmark-revision-2005.pdf,,,benchmark article tables
benchmark-article-2006,benchmark_article,2006,available,https://www.bls.gov/ces/publications/benchmark/ces-benchmark-revision-2006.pdf,bls/benchmark/ces-benchmark-revision-2006.pdf,,,benchmark article tables
benchmark-article-2007,benchmark_article,2007,available,https://www.bls.gov/ces/publications/benchmark/ces-benchmark-revision-2007.pdf,bls/benchmark/ces-benchmark-revision-2007.pdf,,,benchmark article tables
benchmark-article-2008,benchmark_article,2008,available,https://www.bls.gov/ces/publications/benchmark/ces-benchmark-revision-2008.pdf,bls/benchmark/ces-benchmark-revision-2008.pdf,,,benchmark article tables
benchmark-article-2009,benchmark_article,2009,available,https://www.bls.gov/ces/publications/benchmark/ces-benchmark-revision-2009.pdf,bls/benchmark/ces-benchmark-revision-2009.pdf,,,benchmark article tables
benchmark-article-2010,benchmark_article,2010,available,https://www.bls.gov/ces/publications/benchmark/ces-benchmark-revision-2010.pdf,bls/benchmark/ces-benchmark-revision-2010.pdf,,,benchmark article tables
benchmark-article-2011,benchmark_article,2011,available,https://www.bls.gov/ces/publications/benchmark/ces-benchmark-revision-2011.pdf,bls/benchmark/ces-benchmark-revision-2011.pdf,,,benchmark article tables
benchmark-article-2012,benchmark_article,2012,available,https://www.bls.gov/ces/publications/benchmark/ces-benchmark-revision-2012.pdf,bls/benchmark/ces-benchmark-revision-2012.pdf,,,benchmark article tables
benchmark-article-2013,benchmark_article,2013,available,https://www.bls.gov/ces/publications/benchmark/ces-benchmark-revision-2013.pdf,bls/benchmark/ces-benchmark-revision-2013.pdf,,,benchmark article tables
benchmark-article-2014,benchmark_article,2014,available,https://www.bls.gov/ces/publications/benchmark/ces-benchmark-revision-2014.pdf,bls/benchmark/ces-benchmark-revision-2014.pdf,,,benchmark article tables
benchmark-article-2015,benchmark_article,2015,available,https://www.bls.gov/ces/publications/benchmark/ces-benchmark-revision-2015.pdf,bls/benchmark/ces-benchmark-revision-2015.pdf,,,benchmark article tables
benchmark-article-2016,benchmark_article,2016,available,https://www.bls.gov/ces/publications/benchmark/ces-benchmark-revision-2016.pdf,bls/benchmark/ces-benchmark-revision-2016.pdf,,,benchmark article tables
benchmark-article-2017,benchmark_article,2017,available,https://www.bls.gov/ces/publications/benchmark/ces-benchmark-revision-2017.pdf,bls/benchmark/ces-benchmark-revision-2017.pdf,,,benchmark article tables
benchmark-article-2018,benchmark_article,2018,available,https://www.bls.gov/ces/publications/benchmark/ces-benchmark-revision-2018.pdf,bls/benchmark/ces-benchmark-revision-2018.pdf,,,benchmark article tables
benchmark-article-2019,benchmark_article,2019,available,https://www.bls.gov/ces/publications/benchmark/ces-benchmark-revision-2019.pdf,bls/benchmark/ces-benchmark-revision-2019.pdf,,,benchmark article tables
benchmark-article-2020,benchmark_article,2020,available,https://www.bls.gov/ces/publications/benchmark/ces-benchmark-revision-2020.pdf,bls/benchmark/ces-benchmark-revision-2020.pdf,,,benchmark article tables
benchmark-article-2021,benchmark_article,2021,available,https://www.bls.gov/ces/publications/benchmark/ces-benchmark-revision-2021.pdf,bls/benchmark/ces-benchmark-revision-2021.pdf,,,benchmark article tables
benchmark-article-2022,benchmark_article,2022,available,https://www.bls.gov/ces/publications/benchmark/ces-benchmark-revision-2022.pdf,bls/benchmark/ces-benchmark-revision-2022.pdf,,,benchmark article tables
benchmark-article-2023,benchmark_article,2023,available,https://www.bls.gov/ces/publications/benchmark/ces-benchmark-revision-2023.pdf,bls/benchmark/ces-benchmark-revision-2023.pdf,,,benchmark article tables
benchmark-article-2024,benchmark_article,2024,available,https://www.bls.gov/ces/publications/benchmark/ces-benchmark-revision-2024.pdf,bls/benchmark/ces-benchmark-revision-2024.pdf,,,benchmark article tables
benchmark-article-2025,benchmark_article,2025,available,https://www.bls.gov/ces/publications/benchmark/ces-benchmark-revision-2025.pdf,bls/benchmark/ces-benchmark-revision-2025.pdf,,,benchmark article tables
coverage-2002,coverage,2002,available,https://web.archive.org/web/20030620192417id_/http://www.bls.gov:80/web/cestntab.htm,internet-archive/coverage/coverage-2002.htm,20030620192417,http://www.bls.gov:80/web/cestntab.htm,Table 1
coverage-2003,coverage,2003,available,https://web.archive.org/web/20041010205205id_/http://www.bls.gov:80/web/cestntab.htm,internet-archive/coverage/coverage-2003.htm,20041010205205,http://www.bls.gov:80/web/cestntab.htm,Table 1
coverage-2004,coverage,2004,available,https://web.archive.org/web/20050308035217id_/http://www.bls.gov:80/web/cestntab.htm,internet-archive/coverage/coverage-2004.htm,20050308035217,http://www.bls.gov:80/web/cestntab.htm,Table 1
coverage-2005,coverage,2005,available,https://web.archive.org/web/20060206202401id_/http://www.bls.gov:80/web/cestntab.htm,internet-archive/coverage/coverage-2005.htm,20060206202401,http://www.bls.gov:80/web/cestntab.htm,Table 1
coverage-2006,coverage,2006,available,https://web.archive.org/web/20070204091552id_/http://www.bls.gov:80/web/cestntab.htm,internet-archive/coverage/coverage-2006.htm,20070204091552,http://www.bls.gov:80/web/cestntab.htm,Table 1
coverage-2007,coverage,2007,available,https://web.archive.org/web/20080513033705id_/http://www.bls.gov:80/web/cestntab.htm,internet-archive/coverage/coverage-2007.htm,20080513033705,http://www.bls.gov:80/web/cestntab.htm,Table 1
coverage-2008,coverage,2008,available,https://web.archive.org/web/20090507015624id_/http://www.bls.gov:80/web/cestntab.htm,internet-archive/coverage/coverage-2008.htm,20090507015624,http://www.bls.gov:80/web/cestntab.htm,Table 1
coverage-2009,coverage,2009,available,https://web.archive.org/web/20100408180019id_/http://www.bls.gov/web/empsit/cestntab.htm,internet-archive/coverage/coverage-2009.htm,20100408180019,http://www.bls.gov/web/empsit/cestntab.htm,Table 1
coverage-2010,coverage,2010,available,https://web.archive.org/web/20110511141154id_/http://www.bls.gov/web/empsit/cestntab.htm,internet-archive/coverage/coverage-2010.htm,20110511141154,http://www.bls.gov/web/empsit/cestntab.htm,Table 1
coverage-2011,coverage,2011,available,https://web.archive.org/web/20120927115923id_/http://www.bls.gov/web/empsit/cestntab.htm,internet-archive/coverage/coverage-2011.htm,20120927115923,http://www.bls.gov/web/empsit/cestntab.htm,Table 1
coverage-2012,coverage,2012,missing,,,,,https://web.archive.org/cdx/search/cdx?url=bls.gov/web/empsit/cestn*.htm&from=2013&to=2014&filter=statuscode:200
coverage-2013,coverage,2013,available,https://web.archive.org/web/20140207140006id_/https://www.bls.gov/web/empsit/cestn.htm,internet-archive/coverage/coverage-2013.htm,20140207140006,https://www.bls.gov/web/empsit/cestn.htm,Table 1
coverage-2014,coverage,2014,available,https://web.archive.org/web/20150207104257id_/https://www.bls.gov/web/empsit/cestn.htm,internet-archive/coverage/coverage-2014.htm,20150207104257,https://www.bls.gov/web/empsit/cestn.htm,Table 1
coverage-2015,coverage,2015,available,https://web.archive.org/web/20160305082611id_/https://www.bls.gov/web/empsit/cestn.htm,internet-archive/coverage/coverage-2015.htm,20160305082611,https://www.bls.gov/web/empsit/cestn.htm,Table 1
coverage-2016,coverage,2016,available,https://web.archive.org/web/20170205194835id_/https://www.bls.gov/web/empsit/cestn.htm,internet-archive/coverage/coverage-2016.htm,20170205194835,https://www.bls.gov/web/empsit/cestn.htm,Table 1
coverage-2017,coverage,2017,available,https://web.archive.org/web/20181116034816id_/https://www.bls.gov/web/empsit/cestn.htm,internet-archive/coverage/coverage-2017.htm,20181116034816,https://www.bls.gov/web/empsit/cestn.htm,Table 1
coverage-2018,coverage,2018,available,https://web.archive.org/web/20190330102338id_/https://www.bls.gov/web/empsit/cestn.htm,internet-archive/coverage/coverage-2018.htm,20190330102338,https://www.bls.gov/web/empsit/cestn.htm,Table 1
coverage-2019,coverage,2019,available,https://web.archive.org/web/20200318085302id_/https://www.bls.gov/web/empsit/cestn.htm,internet-archive/coverage/coverage-2019.htm,20200318085302,https://www.bls.gov/web/empsit/cestn.htm,Table 1
coverage-2020,coverage,2020,available,https://web.archive.org/web/20210310075038id_/https://www.bls.gov/web/empsit/cestn.htm,internet-archive/coverage/coverage-2020.htm,20210310075038,https://www.bls.gov/web/empsit/cestn.htm,Table 1
coverage-2021,coverage,2021,available,https://web.archive.org/web/20220209230654id_/https://www.bls.gov/web/empsit/cestn.htm,internet-archive/coverage/coverage-2021.htm,20220209230654,https://www.bls.gov/web/empsit/cestn.htm,Table 1
coverage-2022,coverage,2022,available,https://web.archive.org/web/20230205035743id_/https://www.bls.gov/web/empsit/cestn.htm,internet-archive/coverage/coverage-2022.htm,20230205035743,https://www.bls.gov/web/empsit/cestn.htm,Table 1
coverage-2023,coverage,2023,available,https://web.archive.org/web/20240302202835id_/https://www.bls.gov/web/empsit/cestn.htm,internet-archive/coverage/coverage-2023.htm,20240302202835,https://www.bls.gov/web/empsit/cestn.htm,Table 1
coverage-2024,coverage,2024,available,https://web.archive.org/web/20250213010818id_/https://www.bls.gov/web/empsit/cestn.htm,internet-archive/coverage/coverage-2024.htm,20250213010818,https://www.bls.gov/web/empsit/cestn.htm,Table 1
coverage-2025,coverage,2025,available,https://www.bls.gov/web/empsit/cestn.htm,internet-archive/coverage/coverage-2025.htm,,,Table 1
rse-level-2002,rse_level,2002,available,https://web.archive.org/web/20030620192417id_/http://www.bls.gov:80/web/cestntab.htm,internet-archive/rse-level/rse-level-2002.htm,20030620192417,http://www.bls.gov:80/web/cestntab.htm,Table 2-E
rse-level-2003,rse_level,2003,available,https://web.archive.org/web/20041010205205id_/http://www.bls.gov:80/web/cestntab.htm,internet-archive/rse-level/rse-level-2003.htm,20041010205205,http://www.bls.gov:80/web/cestntab.htm,Table 2-E
rse-level-2004,rse_level,2004,available,https://web.archive.org/web/20050308035217id_/http://www.bls.gov:80/web/cestntab.htm,internet-archive/rse-level/rse-level-2004.htm,20050308035217,http://www.bls.gov:80/web/cestntab.htm,Table 2-E
rse-level-2005,rse_level,2005,available,https://web.archive.org/web/20060206202401id_/http://www.bls.gov:80/web/cestntab.htm,internet-archive/rse-level/rse-level-2005.htm,20060206202401,http://www.bls.gov:80/web/cestntab.htm,Table 2-E
rse-level-2006,rse_level,2006,available,https://web.archive.org/web/20070204091552id_/http://www.bls.gov:80/web/cestntab.htm,internet-archive/rse-level/rse-level-2006.htm,20070204091552,http://www.bls.gov:80/web/cestntab.htm,Table 2-E
rse-level-2007,rse_level,2007,available,https://web.archive.org/web/20080513033705id_/http://www.bls.gov:80/web/cestntab.htm,internet-archive/rse-level/rse-level-2007.htm,20080513033705,http://www.bls.gov:80/web/cestntab.htm,Table 2-E
rse-level-2008,rse_level,2008,available,https://web.archive.org/web/20090507015624id_/http://www.bls.gov:80/web/cestntab.htm,internet-archive/rse-level/rse-level-2008.htm,20090507015624,http://www.bls.gov:80/web/cestntab.htm,Table 2-E
rse-level-2009,rse_level,2009,available,https://web.archive.org/web/20100408180019id_/http://www.bls.gov/web/empsit/cestntab.htm,internet-archive/rse-level/rse-level-2009.htm,20100408180019,http://www.bls.gov/web/empsit/cestntab.htm,Table 2-E
rse-change-2016,rse_change,2016,available,https://web.archive.org/web/20170205194835id_/https://www.bls.gov/web/empsit/cestn.htm,internet-archive/rse-change/rse-change-2016.htm,20170205194835,https://www.bls.gov/web/empsit/cestn.htm,Table 4
rse-change-2017,rse_change,2017,available,https://web.archive.org/web/20181116034816id_/https://www.bls.gov/web/empsit/cestn.htm,internet-archive/rse-change/rse-change-2017.htm,20181116034816,https://www.bls.gov/web/empsit/cestn.htm,Table 4
rse-change-2018,rse_change,2018,available,https://web.archive.org/web/20190330102338id_/https://www.bls.gov/web/empsit/cestn.htm,internet-archive/rse-change/rse-change-2018.htm,20190330102338,https://www.bls.gov/web/empsit/cestn.htm,Table 4
rse-change-2019,rse_change,2019,available,https://web.archive.org/web/20200318085302id_/https://www.bls.gov/web/empsit/cestn.htm,internet-archive/rse-change/rse-change-2019.htm,20200318085302,https://www.bls.gov/web/empsit/cestn.htm,Table 4
rse-change-2020,rse_change,2020,available,https://web.archive.org/web/20210310075038id_/https://www.bls.gov/web/empsit/cestn.htm,internet-archive/rse-change/rse-change-2020.htm,20210310075038,https://www.bls.gov/web/empsit/cestn.htm,Table 4
rse-change-2021,rse_change,2021,available,https://web.archive.org/web/20220209230654id_/https://www.bls.gov/web/empsit/cestn.htm,internet-archive/rse-change/rse-change-2021.htm,20220209230654,https://www.bls.gov/web/empsit/cestn.htm,Table 4
rse-change-2022,rse_change,2022,available,https://web.archive.org/web/20230205035743id_/https://www.bls.gov/web/empsit/cestn.htm,internet-archive/rse-change/rse-change-2022.htm,20230205035743,https://www.bls.gov/web/empsit/cestn.htm,Table 4
rse-change-2023,rse_change,2023,available,https://web.archive.org/web/20240302202835id_/https://www.bls.gov/web/empsit/cestn.htm,internet-archive/rse-change/rse-change-2023.htm,20240302202835,https://www.bls.gov/web/empsit/cestn.htm,Table 4
rse-change-2024,rse_change,2024,available,https://web.archive.org/web/20250213010818id_/https://www.bls.gov/web/empsit/cestn.htm,internet-archive/rse-change/rse-change-2024.htm,20250213010818,https://www.bls.gov/web/empsit/cestn.htm,Table 4
rse-change-2025,rse_change,2025,available,https://www.bls.gov/web/empsit/cestn.htm,internet-archive/rse-change/rse-change-2025.htm,,,Table 4
preliminary-2000,publication_evidence,2000,available,https://www.bls.gov/news.release/history/jec_11032000.txt,bls/preliminary/jec-2000.txt,,,preliminary benchmark release date
preliminary-2001,publication_evidence,2001,available,https://www.bls.gov/news.release/history/jec_10052001.txt,bls/preliminary/jec-2001.txt,,,preliminary benchmark release date
preliminary-2002,publication_evidence,2002,available,https://www.bls.gov/news.release/archives/empsit_10042002.pdf,bls/preliminary/empsit-2002.pdf,,,preliminary benchmark release date
preliminary-2003,publication_evidence,2003,available,https://www.bls.gov/news.release/archives/empsit_10032003.pdf,bls/preliminary/empsit-2003.pdf,,,preliminary benchmark release date
preliminary-2004,publication_evidence,2004,available,https://www.bls.gov/news.release/archives/empsit_10082004.pdf,bls/preliminary/empsit-2004.pdf,,,preliminary benchmark release date
preliminary-2005,publication_evidence,2005,available,https://www.bls.gov/news.release/archives/empsit_10072005.pdf,bls/preliminary/empsit-2005.pdf,,,preliminary benchmark release date
preliminary-2006,publication_evidence,2006,available,https://www.bls.gov/news.release/archives/empsit_10062006.pdf,bls/preliminary/empsit-2006.pdf,,,preliminary benchmark release date
preliminary-2007,publication_evidence,2007,available,https://www.bls.gov/news.release/archives/empsit_10052007.pdf,bls/preliminary/empsit-2007.pdf,,,preliminary benchmark release date
preliminary-2008,publication_evidence,2008,available,https://www.bls.gov/news.release/archives/empsit_10032008.pdf,bls/preliminary/empsit-2008.pdf,,,preliminary benchmark release date
preliminary-2009,publication_evidence,2009,available,https://www.bls.gov/news.release/archives/empsit_10022009.pdf,bls/preliminary/empsit-2009.pdf,,,preliminary benchmark release date
preliminary-2010,publication_evidence,2010,available,https://www.bls.gov/news.release/archives/empsit_10082010.pdf,bls/preliminary/empsit-2010.pdf,,,preliminary benchmark release date
preliminary-2011,publication_evidence,2011,available,https://www.bls.gov/news.release/archives/empsit_10072011.pdf,bls/preliminary/empsit-2011.pdf,,,preliminary benchmark release date
preliminary-2012,publication_evidence,2012,available,https://www.bls.gov/news.release/archives/empsit_10052012.pdf,bls/preliminary/empsit-2012.pdf,,,preliminary benchmark release date
preliminary-2013,publication_evidence,2013,available,https://www.bls.gov/news.release/archives/empsit_10222013.pdf,bls/preliminary/empsit-2013.pdf,,,preliminary benchmark release date
preliminary-2014,publication_evidence,2014,available,https://www.bls.gov/news.release/archives/empsit_10032014.pdf,bls/preliminary/empsit-2014.pdf,,,preliminary benchmark release date
preliminary-2015,publication_evidence,2015,available,https://www.bls.gov/news.release/archives/empsit_10022015.pdf,bls/preliminary/empsit-2015.pdf,,,preliminary benchmark release date
preliminary-2016,publication_evidence,2016,available,https://www.bls.gov/news.release/archives/empsit_10072016.pdf,bls/preliminary/empsit-2016.pdf,,,preliminary benchmark release date
preliminary-2017,publication_evidence,2017,available,https://www.bls.gov/news.release/archives/empsit_10062017.pdf,bls/preliminary/empsit-2017.pdf,,,preliminary benchmark release date
preliminary-2018,publication_evidence,2018,available,https://www.bls.gov/news.release/archives/empsit_10052018.pdf,bls/preliminary/empsit-2018.pdf,,,preliminary benchmark release date
preliminary-2019,publication_evidence,2019,available,https://www.bls.gov/blog/2019/what-is-benchmarking-of-bureau-of-labor-statistics-employment-data.htm,bls/preliminary/preliminary-2019.htm,,,preliminary benchmark release date
preliminary-2020,publication_evidence,2020,available,https://www.bls.gov/ces/notices/2020/2020-ces-benchmark-revision.htm,bls/preliminary/preliminary-2020.htm,,,preliminary benchmark release date
preliminary-2021,publication_evidence,2021,available,https://www.bls.gov/ces/notices/2021/2021-ces-preliminary-benchmark-revision.htm,bls/preliminary/preliminary-2021.htm,,,preliminary benchmark release date
preliminary-2022,publication_evidence,2022,available,https://www.bls.gov/ces/notices/2022/2022-ces-preliminary-benchmark-revision.htm,bls/preliminary/preliminary-2022.htm,,,preliminary benchmark release date
preliminary-2023,publication_evidence,2023,available,https://www.bls.gov/ces/notices/2023/2023-preliminary-benchmark-revision.htm,bls/preliminary/preliminary-2023.htm,,,preliminary benchmark release date
preliminary-2024,publication_evidence,2024,available,https://www.bls.gov/ces/notices/2024/2024-preliminary-benchmark-revision.htm,bls/preliminary/preliminary-2024.htm,,,preliminary benchmark release date
preliminary-2025,publication_evidence,2025,available,https://www.bls.gov/news.release/archives/prebmk_09092025.htm,bls/preliminary/prebmk-2025.htm,,,preliminary benchmark release date
preliminary-2026,publication_evidence,2026,available,https://www.bls.gov/news.release/archives/prebmk_08282026.htm,bls/preliminary/prebmk-2026.htm,,,preliminary benchmark release date
cbj-2024,sample_metadata,,available,https://www.dol.gov/sites/dolgov/files/general/budget/2024/CBJ-2024-V3-01.pdf,dol/cbj-2024-v3-01.pdf,,,FY2024 BLS budget justification
cbj-2027,sample_metadata,,available,https://www.dol.gov/sites/dolgov/files/general/budget/2027/CBJ-2027-V3-01.pdf,dol/cbj-2027-v3-01.pdf,,,FY2027 BLS budget justification
