artifact,source,timestamp,url,status,digest,specification,prior_adjustment,outliers,unexpected
all_employees_specifications,bls_current,2026-09-13T17:11:32Z,https://www.bls.gov/web/empsit/ces.spec.ae.zip,200,UMPGBDVBRNEGZEZI5FGRTGMFDVXETU4X,8f91d65e24c47302,,,
all_employees_specifications,internet_archive,2014-07-19T15:55:42Z,https://web.archive.org/web/20140719155542id_/http://www.bls.gov/web/empsit/ces.spec.ae.zip,200,P6BTQFPX2GARQGVQFYRB4RVNMCIR7IQM,8ba7aaacd046ae48,,,
all_employees_specifications,internet_archive,2015-03-21T06:08:19Z,https://web.archive.org/web/20150321060819id_/http://www.bls.gov/web/empsit/ces.spec.ae.zip,200,LIFGVMPNIKE6TFYB77MFQBXZERNFA3JG,b441fc8c4e0f22db,,,
all_employees_specifications,internet_archive,2015-09-05T17:43:46Z,https://web.archive.org/web/20150905174346id_/http://www.bls.gov/web/empsit/ces.spec.ae.zip,-,LIFGVMPNIKE6TFYB77MFQBXZERNFA3JG,,,,
all_employees_specifications,internet_archive,2016-08-25T18:00:42Z,https://web.archive.org/web/20160825180042id_/http://www.bls.gov/web/empsit/ces.spec.ae.zip,200,QC2CGYOQW2OJ2FQRPZQ35JE4A6ALJ3TR,0d18d39b2150ad40,,,
all_employees_specifications,internet_archive,2017-01-02T04:50:54Z,https://web.archive.org/web/20170102045054id_/http://www.bls.gov/web/empsit/ces.spec.ae.zip,301,3I42H3S6NNFQ2MSVX7XZKYAYSCX5QBYJ,,,,
all_employees_specifications,internet_archive,2017-01-10T01:40:55Z,https://web.archive.org/web/20170110014055id_/https://www.bls.gov/web/empsit/ces.spec.ae.zip,200,QC2CGYOQW2OJ2FQRPZQ35JE4A6ALJ3TR,0d18d39b2150ad40,,,
all_employees_specifications,internet_archive,2017-02-09T14:17:56Z,https://web.archive.org/web/20170209141756id_/http://www.bls.gov/web/empsit/ces.spec.ae.zip,301,3I42H3S6NNFQ2MSVX7XZKYAYSCX5QBYJ,,,,
all_employees_specifications,internet_archive,2017-05-07T08:09:10Z,https://web.archive.org/web/20170507080910id_/https://www.bls.gov/web/empsit/ces.spec.ae.zip,200,A66ZBXKR452ZKQGKLWX7DF7DX2YF7MQF,36aa83c593d20c62,,,
all_employees_specifications,internet_archive,2017-06-06T10:47:05Z,https://web.archive.org/web/20170606104705id_/https://www.bls.gov/web/empsit/ces.spec.ae.zip,-,A66ZBXKR452ZKQGKLWX7DF7DX2YF7MQF,,,,
all_employees_specifications,internet_archive,2019-01-11T22:04:37Z,https://web.archive.org/web/20190111220437id_/https://www.bls.gov/web/empsit/ces.spec.ae.zip,200,DHNQQ5WWWGI4NHQD3VKB22U3ACZIODTB,691b5f2da899144f,,,
all_employees_specifications,internet_archive,2020-10-18T12:51:13Z,https://web.archive.org/web/20201018125113id_/https://www.bls.gov/web/empsit/ces.spec.ae.zip,200,5HVXRD62U7YET3VF5WPB6S5UGVUVYKNU,9dbd020de44e713d,,,
all_employees_specifications,internet_archive,2021-01-26T12:54:45Z,https://web.archive.org/web/20210126125445id_/https://www.bls.gov/web/empsit/ces.spec.ae.zip,-,5HVXRD62U7YET3VF5WPB6S5UGVUVYKNU,,,,
all_employees_specifications,internet_archive,2021-03-18T04:46:59Z,https://web.archive.org/web/20210318044659id_/https://www.bls.gov/web/empsit/ces.spec.ae.zip,200,JBXONVLUJDZC5LEKYT7VXFOOPWA37BZV,da62f9e3e595f7bd,,,
all_employees_specifications,internet_archive,2021-09-17T00:48:04Z,https://web.archive.org/web/20210917004804id_/https://www.bls.gov/web/empsit/ces.spec.ae.zip,200,JBXONVLUJDZC5LEKYT7VXFOOPWA37BZV,da62f9e3e595f7bd,,,
all_employees_specifications,internet_archive,2024-09-27T00:23:15Z,https://web.archive.org/web/20240927002315id_/https://www.bls.gov/web/empsit/ces.spec.ae.zip,200,GMLSSKZW5UOINSHWZSFW7LMFAD3CTEUO,c51720197b8ae765,,,
all_employees_specifications,internet_archive,2024-12-11T00:29:03Z,https://web.archive.org/web/20241211002903id_/https://www.bls.gov/web/empsit/ces.spec.ae.zip,200,GMLSSKZW5UOINSHWZSFW7LMFAD3CTEUO,c51720197b8ae765,,,
all_employees_specifications,internet_archive,2025-01-01T15:40:28Z,https://web.archive.org/web/20250101154028id_/https://www.bls.gov/web/empsit/ces.spec.ae.zip,200,GMLSSKZW5UOINSHWZSFW7LMFAD3CTEUO,c51720197b8ae765,,,
all_employees_specifications,internet_archive,2025-02-02T01:45:22Z,https://web.archive.org/web/20250202014522id_/https://www.bls.gov/web/empsit/ces.spec.ae.zip,200,GMLSSKZW5UOINSHWZSFW7LMFAD3CTEUO,c51720197b8ae765,,,
all_employees_specifications,internet_archive,2025-02-08T07:52:48Z,https://web.archive.org/web/20250208075248id_/https://www.bls.gov/web/empsit/ces.spec.ae.zip,200,O57A33RABLUHP2F7GA32DEULN6AFXCTE,7a7813618f571675,,,
all_employees_specifications,internet_archive,2025-03-20T18:44:52Z,https://web.archive.org/web/20250320184452id_/https://www.bls.gov/web/empsit/ces.spec.ae.zip,200,O57A33RABLUHP2F7GA32DEULN6AFXCTE,7a7813618f571675,,,
all_employees_specifications,internet_archive,2025-04-04T18:19:56Z,https://web.archive.org/web/20250404181956id_/https://www.bls.gov/web/empsit/ces.spec.ae.zip,200,O57A33RABLUHP2F7GA32DEULN6AFXCTE,7a7813618f571675,,,
all_employees_specifications,internet_archive,2025-08-02T20:27:34Z,https://web.archive.org/web/20250802202734id_/https://www.bls.gov/web/empsit/ces.spec.ae.zip,200,O57A33RABLUHP2F7GA32DEULN6AFXCTE,7a7813618f571675,,,
all_employees_specifications,internet_archive,2025-08-04T01:53:04Z,https://web.archive.org/web/20250804015304id_/https://www.bls.gov/web/empsit/ces.spec.ae.zip,-,O57A33RABLUHP2F7GA32DEULN6AFXCTE,,,,
all_employees_specifications,internet_archive,2025-09-05T16:51:25Z,https://web.archive.org/web/20250905165125id_/https://www.bls.gov/web/empsit/ces.spec.ae.zip,-,O57A33RABLUHP2F7GA32DEULN6AFXCTE,,,,
all_employees_specifications,internet_archive,2025-09-11T00:06:32Z,https://web.archive.org/web/20250911000632id_/https://www.bls.gov/web/empsit/ces.spec.ae.zip,200,O57A33RABLUHP2F7GA32DEULN6AFXCTE,7a7813618f571675,,,
all_employees_specifications,internet_archive,2025-11-22T08:56:17Z,https://web.archive.org/web/20251122085617id_/https://www.bls.gov/web/empsit/ces.spec.ae.zip,200,O57A33RABLUHP2F7GA32DEULN6AFXCTE,7a7813618f571675,,,
all_employees_specifications,internet_archive,2025-12-20T08:18:00Z,https://web.archive.org/web/20251220081800id_/https://www.bls.gov/web/empsit/ces.spec.ae.zip,200,O57A33RABLUHP2F7GA32DEULN6AFXCTE,7a7813618f571675,,,
all_employees_specifications,internet_archive,2025-12-28T10:36:27Z,https://web.archive.org/web/20251228103627id_/https://www.bls.gov/web/empsit/ces.spec.ae.zip,200,O57A33RABLUHP2F7GA32DEULN6AFXCTE,7a7813618f571675,,,
all_employees_specifications,internet_archive,2026-01-28T10:48:15Z,https://web.archive.org/web/20260128104815id_/https://www.bls.gov/web/empsit/ces.spec.ae.zip,200,O57A33RABLUHP2F7GA32DEULN6AFXCTE,7a7813618f571675,,,
all_employees_specifications,internet_archive,2026-02-14T20:05:49Z,https://web.archive.org/web/20260214200549id_/https://www.bls.gov/web/empsit/ces.spec.ae.zip,200,UMPGBDVBRNEGZEZI5FGRTGMFDVXETU4X,8f91d65e24c47302,,,
all_employees_specifications,internet_archive,2026-05-02T09:53:12Z,https://web.archive.org/web/20260502095312id_/https://www.bls.gov/web/empsit/ces.spec.ae.zip,200,UMPGBDVBRNEGZEZI5FGRTGMFDVXETU4X,8f91d65e24c47302,,,
all_employees_specifications,internet_archive,2026-05-16T12:33:10Z,https://web.archive.org/web/20260516123310id_/https://www.bls.gov/web/empsit/ces.spec.ae.zip,200,UMPGBDVBRNEGZEZI5FGRTGMFDVXETU4X,8f91d65e24c47302,,,
all_employees_specifications,internet_archive,2026-06-13T10:11:39Z,https://web.archive.org/web/20260613101139id_/https://www.bls.gov/web/empsit/ces.spec.ae.zip,200,UMPGBDVBRNEGZEZI5FGRTGMFDVXETU4X,8f91d65e24c47302,,,
all_employees_specifications,internet_archive,2026-08-19T19:23:41Z,https://web.archive.org/web/20260819192341id_/https://www.bls.gov/web/empsit/ces.spec.ae.zip,200,UMPGBDVBRNEGZEZI5FGRTGMFDVXETU4X,8f91d65e24c47302,,,
other_inputs,bls_current,2026-09-13T17:11:32Z,https://www.bls.gov/web/empsit/ces.spec.other.zip,200,JRW4ECRTZ3X22BDLK7YHUZ6U3M7F5WUG,,70f4db3c9e3b4761,635b9e68f7634c73,
other_inputs,internet_archive,2014-07-19T13:46:01Z,https://web.archive.org/web/20140719134601id_/http://www.bls.gov/web/empsit/ces.spec.other.zip,200,ZSL4N7HMBW6G454PPITPXXHNHP34TVXH,,4588df967654ccea,a7b8bf5109600e11,
other_inputs,internet_archive,2015-03-21T06:17:57Z,https://web.archive.org/web/20150321061757id_/http://www.bls.gov/web/empsit/ces.spec.other.zip,200,UN2BSONV7KS3AZV7SMZO5WY7QBZDTK77,,60d3fed62aa1bcf1,e4949b6604918288,
other_inputs,internet_archive,2015-09-05T16:47:51Z,https://web.archive.org/web/20150905164751id_/http://www.bls.gov/web/empsit/ces.spec.other.zip,200,5O7OUKAXCRPYKHI5XPMJYQSBYXRM6FPR,,77310a9292fec02b,e6511c88213dd0a8,
other_inputs,internet_archive,2016-08-25T17:32:50Z,https://web.archive.org/web/20160825173250id_/http://www.bls.gov/web/empsit/ces.spec.other.zip,200,ZI4Y4J3GICOYXJ6JBICN7JOAK5S6PSVY,,27db4aa4089223a6,64eeaf948ca031a4,
other_inputs,internet_archive,2017-01-02T04:57:40Z,https://web.archive.org/web/20170102045740id_/http://www.bls.gov/web/empsit/ces.spec.other.zip,301,3I42H3S6NNFQ2MSVX7XZKYAYSCX5QBYJ,,,,
other_inputs,internet_archive,2017-01-10T01:41:14Z,https://web.archive.org/web/20170110014114id_/https://www.bls.gov/web/empsit/ces.spec.other.zip,200,367HXCNKFLHAYPJ636I6HYR5G5KOS5JO,,0811089cdbbf037e,19f7aefce5efb880,
other_inputs,internet_archive,2017-02-09T09:27:44Z,https://web.archive.org/web/20170209092744id_/http://www.bls.gov/web/empsit/ces.spec.other.zip,301,3I42H3S6NNFQ2MSVX7XZKYAYSCX5QBYJ,,,,
other_inputs,internet_archive,2017-05-07T08:12:00Z,https://web.archive.org/web/20170507081200id_/https://www.bls.gov/web/empsit/ces.spec.other.zip,200,Z2LIKTVLIDIQCGUDUITWXGMRKROWKKLJ,,82942b866104632d,75e7554057930f9d,
other_inputs,internet_archive,2017-06-06T10:49:22Z,https://web.archive.org/web/20170606104922id_/https://www.bls.gov/web/empsit/ces.spec.other.zip,200,5NHQD7PBENUXOUQMNHWACPGN3WS66P5N,,a05b1c53f65f5030,f27ddc8fcd817ccf,
other_inputs,internet_archive,2019-01-11T16:09:20Z,https://web.archive.org/web/20190111160920id_/https://www.bls.gov/web/empsit/ces.spec.other.zip,200,25EK7VMHDACW374WBLUU5VO4IAT47FZO,,ddeb572859c50478,0ae4432ba170157a,
other_inputs,internet_archive,2020-10-18T12:35:03Z,https://web.archive.org/web/20201018123503id_/https://www.bls.gov/web/empsit/ces.spec.other.zip,200,GKEU2DORIFDDQL4YREEFKEC3I36HM6FP,,6ee540b8b2b87ab2,d312abb775997021,
other_inputs,internet_archive,2021-03-18T01:13:43Z,https://web.archive.org/web/20210318011343id_/https://www.bls.gov/web/empsit/ces.spec.other.zip,200,J7G2UZ7HKB2LAFC3C54FRHQWN5EYHFNU,,7a146efd7107524a,c891222398fb0777,
other_inputs,internet_archive,2021-09-17T00:48:22Z,https://web.archive.org/web/20210917004822id_/https://www.bls.gov/web/empsit/ces.spec.other.zip,200,WFRWOS77JWZ5BZDPCN2OK4HBA752JPKO,,9cfa37a236ed5862,062da1e53c95f4ce,
other_inputs,internet_archive,2021-11-05T13:19:24Z,https://web.archive.org/web/20211105131924id_/https://www.bls.gov/web/empsit/ces.spec.other.zip,200,72EVGHNN3MG3M6MVKFRHP7IFEHAEY4JP,,d56c3276814f617c,455e937077ce1a38,
other_inputs,internet_archive,2022-12-05T14:27:39Z,https://web.archive.org/web/20221205142739id_/https://www.bls.gov/web/empsit/ces.spec.other.zip,200,EEHRFXIWGN6QJ6FOSMED5GMYKMJYXFFR,,1e2ae24b813dc090,834fc096ede0fdbd,
other_inputs,internet_archive,2022-12-05T22:12:06Z,https://web.archive.org/web/20221205221206id_/https://www.bls.gov/web/empsit/ces.spec.other.zip,200,EEHRFXIWGN6QJ6FOSMED5GMYKMJYXFFR,,1e2ae24b813dc090,834fc096ede0fdbd,
other_inputs,internet_archive,2024-09-26T23:26:04Z,https://web.archive.org/web/20240926232604id_/https://www.bls.gov/web/empsit/ces.spec.other.zip,200,SKBU7FTWOJBDWRYEEOWJMCHN6AH2HBQP,,214c7a4ce5d323ab,b9436139173e61da,
other_inputs,internet_archive,2024-12-11T00:29:14Z,https://web.archive.org/web/20241211002914id_/https://www.bls.gov/web/empsit/ces.spec.other.zip,200,K6SLQI55MRKR3NY35DJMKZQN7ABHOL3Z,,72321051d56d9316,28a2d75c791e2f23,
other_inputs,internet_archive,2025-01-01T15:41:07Z,https://web.archive.org/web/20250101154107id_/https://www.bls.gov/web/empsit/ces.spec.other.zip,200,K6SLQI55MRKR3NY35DJMKZQN7ABHOL3Z,,72321051d56d9316,28a2d75c791e2f23,
other_inputs,internet_archive,2025-02-02T01:45:01Z,https://web.archive.org/web/20250202014501id_/https://www.bls.gov/web/empsit/ces.spec.other.zip,200,T4S6UKSX42T4QSW2U3H4DL2RFKWEU576,,fa7c57bef90228dc,180e4554b3a1ce95,
other_inputs,internet_archive,2025-02-08T07:42:15Z,https://web.archive.org/web/20250208074215id_/https://www.bls.gov/web/empsit/ces.spec.other.zip,200,B7ZVJ2LZLBJ7GM2YRCA4HCSROZCCDCQX,,75fc8a164fc07c0c,8c5d14595c2d56f1,
other_inputs,internet_archive,2025-03-27T02:53:57Z,https://web.archive.org/web/20250327025357id_/https://www.bls.gov/web/empsit/ces.spec.other.zip,200,TVTY43OFHBTIPCTI5QVXYZJ44XLMOYG5,,bb8ae47a965fb87d,2f5b79a9c8cb0a03,
other_inputs,internet_archive,2025-04-04T18:19:57Z,https://web.archive.org/web/20250404181957id_/https://www.bls.gov/web/empsit/ces.spec.other.zip,200,Q554ECIMRZHVZ3PCZQFFQJIW4KRRO2DZ,,6deb524ea4e6cebf,6eeb5abfd846f08c,
other_inputs,internet_archive,2025-08-02T20:27:47Z,https://web.archive.org/web/20250802202747id_/https://www.bls.gov/web/empsit/ces.spec.other.zip,200,5LBZIS5FQR6NYNWV4ISFTHUNSLQCWBQI,,5d86b2ff9fcf585c,7021c013c32ef070,
other_inputs,internet_archive,2025-09-11T00:05:14Z,https://web.archive.org/web/20250911000514id_/https://www.bls.gov/web/empsit/ces.spec.other.zip,200,MCXORAJHZGCRASK432RIDQSEDS356PXA,,ba0c651f3e131e60,a0166897162bfdd2,
other_inputs,internet_archive,2025-11-22T08:55:46Z,https://web.archive.org/web/20251122085546id_/https://www.bls.gov/web/empsit/ces.spec.other.zip,200,VGJPION2YKDTFNFIADQLIU3ZCOOLYVXT,,d0a7e249ca1d076a,e1d1570d306b5e74,
other_inputs,internet_archive,2025-12-20T08:18:43Z,https://web.archive.org/web/20251220081843id_/https://www.bls.gov/web/empsit/ces.spec.other.zip,200,VASGTT5RATNCAW64YNRELFWJQUJ4SLD7,,40c99dc6c42ea78e,15937f667c1bf461,
other_inputs,internet_archive,2025-12-28T09:41:20Z,https://web.archive.org/web/20251228094120id_/https://www.bls.gov/web/empsit/ces.spec.other.zip,200,VASGTT5RATNCAW64YNRELFWJQUJ4SLD7,,40c99dc6c42ea78e,15937f667c1bf461,
other_inputs,internet_archive,2026-02-14T20:05:50Z,https://web.archive.org/web/20260214200550id_/https://www.bls.gov/web/empsit/ces.spec.other.zip,200,NVCJVJXC5L6PM4VXCO6BOT3HU4KCDEEG,,bfdcc36eb82406ab,6d0b9a734b72d40f,
other_inputs,internet_archive,2026-02-17T06:41:57Z,https://web.archive.org/web/20260217064157id_/https://www.bls.gov/web/empsit/ces.spec.other.zip,403,DUA7MLLJMYGIQM4LO473IWVLZE66DACD,,,,
other_inputs,internet_archive,2026-05-02T09:53:06Z,https://web.archive.org/web/20260502095306id_/https://www.bls.gov/web/empsit/ces.spec.other.zip,200,GEEQIOIR6YMRGJ22BGKGMF5VSN5LOLUC,,be25c5c7e6f09f5b,5962da84ad39ddd6,
other_inputs,internet_archive,2026-05-16T12:33:19Z,https://web.archive.org/web/20260516123319id_/https://www.bls.gov/web/empsit/ces.spec.other.zip,200,N6YXVO6YHUOBAEMUVEVBU6ESYW5IUZVB,,6331d23a74349a62,f9d1c6bd2c01f86d,
other_inputs,internet_archive,2026-06-13T10:11:36Z,https://web.archive.org/web/20260613101136id_/https://www.bls.gov/web/empsit/ces.spec.other.zip,200,MJPEBUTQXHFXGKF44PIBWXA66ANWCYEP,,588455883a77a69a,575e8ea84e47f556,
other_inputs,internet_archive,2026-08-19T19:23:41Z,https://web.archive.org/web/20260819192341id_/https://www.bls.gov/web/empsit/ces.spec.other.zip,200,DVKD6Z4Z5MCOSCXHVXMUE23BMS656OVX,,205965ffa793a599,e111aad26306a427,
