reference_month,release_date,release_url
1995-01,1995-02-03,https://www.bls.gov/news.release/archives/empsit_02031995.pdf
1995-05,1995-06-02,https://www.bls.gov/news.release/archives/empsit_06021995.pdf
1998-11,1998-12-04,https://www.bls.gov/news.release/history/empsit_12041998.txt
1999-05,1999-06-04,https://www.bls.gov/news.release/history/empsit_06041999.txt
1999-06,1999-07-02,https://www.bls.gov/news.release/history/empsit_07021999.txt
1999-07,1999-08-06,https://www.bls.gov/news.release/history/empsit_08061999.txt
1999-08,1999-09-03,https://www.bls.gov/news.release/history/empsit_09031999.txt
1999-09,1999-10-08,https://www.bls.gov/news.release/history/empsit_10081999.txt
1999-10,1999-11-05,https://www.bls.gov/news.release/history/empsit_11051999.txt
1999-11,1999-12-03,https://www.bls.gov/news.release/history/empsit_12031999.txt
1999-12,2000-01-19,https://www.bls.gov/news.release/history/empsit_01192000.txt
2000-01,2000-02-04,https://www.bls.gov/news.release/history/empsit_02042000.txt
2000-02,2000-03-03,https://www.bls.gov/news.release/history/empsit_03032000.txt
2000-03,2000-04-07,https://www.bls.gov/news.release/history/empsit_04072000.txt
2000-04,2000-05-05,https://www.bls.gov/news.release/history/empsit_05052000.txt
2000-05,2000-06-02,https://www.bls.gov/news.release/history/empsit_06022000.txt
2000-06,2000-07-07,https://www.bls.gov/news.release/history/empsit_07072000.txt
2000-07,2000-08-04,https://www.bls.gov/news.release/history/empsit_08042000.txt
2000-08,2000-09-01,https://www.bls.gov/news.release/history/empsit_09012000.txt
2000-09,2000-10-06,https://www.bls.gov/news.release/history/empsit_10062000.txt
2000-10,2000-11-03,https://www.bls.gov/news.release/history/empsit_11032000.txt
2000-11,2000-12-08,https://www.bls.gov/news.release/history/empsit_12082000.txt
2000-12,2001-01-05,https://www.bls.gov/news.release/history/empsit_01052001.txt
2001-01,2001-02-02,https://www.bls.gov/news.release/history/empsit_02022001.txt
2001-02,2001-03-09,https://www.bls.gov/news.release/history/empsit_03092001.txt
2001-03,2001-04-06,https://www.bls.gov/news.release/history/empsit_04062001.txt
2001-04,2001-05-04,https://www.bls.gov/news.release/history/empsit_05042001.txt
2001-05,2001-06-01,https://www.bls.gov/news.release/history/empsit_06012001.txt
2001-06,2001-07-06,https://www.bls.gov/news.release/history/empsit_07062001.txt
2001-07,2001-08-03,https://www.bls.gov/news.release/history/empsit_08032001.txt
2001-08,2001-09-07,https://www.bls.gov/news.release/history/empsit_09072001.txt
2001-09,2001-10-05,https://www.bls.gov/news.release/history/empsit_10052001.txt
2001-10,2001-11-02,https://www.bls.gov/news.release/history/empsit_11022001.txt
2001-11,2001-12-07,https://www.bls.gov/news.release/history/empsit_12072001.txt
2001-12,2002-01-04,https://www.bls.gov/news.release/history/empsit_01042002.txt
2002-01,2002-02-01,https://www.bls.gov/news.release/history/empsit_02012002.txt
2002-02,2002-03-08,https://www.bls.gov/news.release/history/empsit_03082002.txt
2002-03,2002-04-05,https://www.bls.gov/news.release/history/empsit_04052002.txt
2002-04,2002-05-03,https://www.bls.gov/news.release/history/empsit_05032002.txt
2002-05,2002-06-07,https://www.bls.gov/news.release/history/empsit_06072002.txt
2002-06,2002-07-05,https://www.bls.gov/news.release/history/empsit_07052002.txt
2002-07,2002-08-02,https://www.bls.gov/news.release/history/empsit_08022002.txt
2002-08,2002-09-06,https://www.bls.gov/news.release/history/empsit_09062002.txt
2002-09,2002-10-04,https://www.bls.gov/news.release/history/empsit_10042002.txt
2002-10,2002-11-01,https://www.bls.gov/news.release/history/empsit_11012002.txt
2002-11,2002-12-06,https://www.bls.gov/news.release/history/empsit_12062002.txt
2002-12,2003-01-10,https://www.bls.gov/news.release/history/empsit_01102003.txt
2003-01,2003-02-07,https://www.bls.gov/news.release/history/empsit_02072003.txt
2003-02,2003-03-07,https://www.bls.gov/news.release/history/empsit_03072003.txt
2003-03,2003-04-04,https://www.bls.gov/news.release/history/empsit_04042003.txt
2003-04,2003-05-02,https://www.bls.gov/news.release/history/empsit_05022003.txt
2003-05,2003-06-06,https://www.bls.gov/news.release/history/empsit_06062003.txt
2003-06,2003-07-03,https://www.bls.gov/news.release/history/empsit_07032003.txt
2003-07,2003-08-01,https://www.bls.gov/news.release/history/empsit_08012003.txt
2003-08,2003-09-05,https://www.bls.gov/news.release/history/empsit_09052003.txt
2003-09,2003-10-03,https://www.bls.gov/news.release/history/empsit_10032003.txt
2003-10,2003-11-07,https://www.bls.gov/news.release/history/empsit_11072003.txt
2003-11,2003-12-05,https://www.bls.gov/news.release/history/empsit_12052003.txt
2003-12,2004-01-09,https://www.bls.gov/news.release/history/empsit_01092004.txt
2004-01,2004-02-06,https://www.bls.gov/news.release/history/empsit_02062004.txt
2004-02,2004-03-05,https://www.bls.gov/news.release/history/empsit_03052004.txt
2004-03,2004-04-02,https://www.bls.gov/news.release/history/empsit_04022004.txt
2004-04,2004-05-07,https://www.bls.gov/news.release/history/empsit_05072004.txt
2004-05,2004-06-04,https://www.bls.gov/news.release/history/empsit_06042004.txt
2004-06,2004-07-02,https://www.bls.gov/news.release/history/empsit_07022004.txt
2004-07,2004-08-06,https://www.bls.gov/news.release/history/empsit_08062004.txt
2004-08,2004-09-03,https://www.bls.gov/news.release/history/empsit_09032004.txt
2004-09,2004-10-08,https://www.bls.gov/news.release/history/empsit_10082004.txt
2004-10,2004-11-05,https://www.bls.gov/news.release/history/empsit_11052004.txt
2004-11,2004-12-03,https://www.bls.gov/news.release/history/empsit_12032004.txt
2004-12,2005-01-07,https://www.bls.gov/news.release/history/empsit_01072005.txt
2005-01,2005-02-04,https://www.bls.gov/news.release/history/empsit_02042005.txt
2005-02,2005-03-04,https://www.bls.gov/news.release/history/empsit_03042005.txt
2005-03,2005-04-01,https://www.bls.gov/news.release/history/empsit_04012005.txt
2005-04,2005-05-06,https://www.bls.gov/news.release/history/empsit_05062005.txt
2005-05,2005-06-03,https://www.bls.gov/news.release/history/empsit_06032005.txt
2005-06,2005-07-08,https://www.bls.gov/news.release/history/empsit_07082005.txt
2005-07,2005-08-05,https://www.bls.gov/news.release/history/empsit_08052005.txt
2005-08,2005-09-02,https://www.bls.gov/news.release/history/empsit_09022005.txt
2005-09,2005-10-07,https://www.bls.gov/news.release/history/empsit_10072005.txt
2005-10,2005-11-04,https://www.bls.gov/news.release/history/empsit_11042005.txt
2005-11,2005-12-02,https://www.bls.gov/news.release/history/empsit_12022005.txt
2005-12,2006-01-06,https://www.bls.gov/news.release/history/empsit_01062006.txt
2006-01,2006-02-03,https://www.bls.gov/news.release/history/empsit_02032006.txt
2006-02,2006-03-10,https://www.bls.gov/news.release/history/empsit_03102006.txt
2006-03,2006-04-07,https://www.bls.gov/news.release/history/empsit_04072006.txt
2006-04,2006-05-05,https://www.bls.gov/news.release/history/empsit_05052006.txt
2006-05,2006-06-02,https://www.bls.gov/news.release/history/empsit_06022006.txt
2006-06,2006-07-07,https://www.bls.gov/news.release/history/empsit_07072006.txt
2006-07,2006-08-04,https://www.bls.gov/news.release/history/empsit_08042006.txt
2006-08,2006-09-01,https://www.bls.gov/news.release/history/empsit_09012006.txt
2006-09,2006-10-06,https://www.bls.gov/news.release/history/empsit_10062006.txt
2006-10,2006-11-03,https://www.bls.gov/news.release/history/empsit_11032006.txt
2006-11,2006-12-08,https://www.bls.gov/news.release/history/empsit_12082006.txt
2006-12,2007-01-05,https://www.bls.gov/news.release/history/empsit_01052007.txt
2007-01,2007-02-02,https://www.bls.gov/news.release/history/empsit_02022007.txt
2007-02,2007-03-09,https://www.bls.gov/news.release/history/empsit_03092007.txt
2007-03,2007-04-06,https://www.bls.gov/news.release/history/empsit_04062007.txt
2007-04,2007-05-04,https://www.bls.gov/news.release/history/empsit_05042007.txt
2007-05,2007-06-01,https://www.bls.gov/news.release/history/empsit_06012007.txt
2007-06,2007-07-06,https://www.bls.gov/news.release/history/empsit_07062007.txt
2007-07,2007-08-03,https://www.bls.gov/news.release/history/empsit_08032007.txt
2007-08,2007-09-07,https://www.bls.gov/news.release/history/empsit_09072007.txt
2007-09,2007-10-05,https://www.bls.gov/news.release/history/empsit_10052007.txt
2007-10,2007-11-02,https://www.bls.gov/news.release/history/empsit_11022007.txt
2007-11,2007-12-07,https://www.bls.gov/news.release/history/empsit_12072007.txt
2007-12,2008-01-04,https://www.bls.gov/news.release/history/empsit_01042008.txt
2008-01,2008-02-01,https://www.bls.gov/news.release/archives/empsit_02012008.htm
2008-02,2008-03-07,https://www.bls.gov/news.release/archives/empsit_03072008.htm
2008-03,2008-04-04,https://www.bls.gov/news.release/archives/empsit_04042008.htm
2008-04,2008-05-02,https://www.bls.gov/news.release/archives/empsit_05022008.htm
2008-05,2008-06-06,https://www.bls.gov/news.release/archives/empsit_06062008.htm
2008-06,2008-07-03,https://www.bls.gov/news.release/archives/empsit_07032008.htm
2008-07,2008-08-01,https://www.bls.gov/news.release/archives/empsit_08012008.htm
2008-08,2008-09-05,https://www.bls.gov/news.release/archives/empsit_09052008.htm
2008-09,2008-10-03,https://www.bls.gov/news.release/archives/empsit_10032008.htm
2008-10,2008-11-07,https://www.bls.gov/news.release/archives/empsit_11072008.htm
2008-11,2008-12-05,https://www.bls.gov/news.release/archives/empsit_12052008.htm
2008-12,2009-01-09,https://www.bls.gov/news.release/archives/empsit_01092009.htm
2009-01,2009-02-06,https://www.bls.gov/news.release/archives/empsit_02062009.htm
2009-02,2009-03-06,https://www.bls.gov/news.release/archives/empsit_03062009.htm
2009-03,2009-04-03,https://www.bls.gov/news.release/archives/empsit_04032009.htm
2009-04,2009-05-08,https://www.bls.gov/news.release/archives/empsit_05082009.htm
2009-05,2009-06-05,https://www.bls.gov/news.release/archives/empsit_06052009.htm
2009-06,2009-07-02,https://www.bls.gov/news.release/archives/empsit_07022009.htm
2009-07,2009-08-07,https://www.bls.gov/news.release/archives/empsit_08072009.htm
2009-08,2009-09-04,https://www.bls.gov/news.release/archives/empsit_09042009.htm
2009-09,2009-10-02,https://www.bls.gov/news.release/archives/empsit_10022009.htm
2009-10,2009-11-06,https://www.bls.gov/news.release/archives/empsit_11062009.htm
2009-11,2009-12-04,https://www.bls.gov/news.release/archives/empsit_12042009.htm
2009-12,2010-01-08,https://www.bls.gov/news.release/archives/empsit_01082010.htm
2010-01,2010-02-05,https://www.bls.gov/news.release/archives/empsit_02052010.htm
2010-02,2010-03-05,https://www.bls.gov/news.release/archives/empsit_03052010.htm
2010-03,2010-04-02,https://www.bls.gov/news.release/archives/empsit_04022010.htm
2010-04,2010-05-07,https://www.bls.gov/news.release/archives/empsit_05072010.htm
2010-05,2010-06-04,https://www.bls.gov/news.release/archives/empsit_06042010.htm
2010-06,2010-07-02,https://www.bls.gov/news.release/archives/empsit_07022010.htm
2010-07,2010-08-06,https://www.bls.gov/news.release/archives/empsit_08062010.htm
2010-08,2010-09-03,https://www.bls.gov/news.release/archives/empsit_09032010.htm
2010-09,2010-10-08,https://www.bls.gov/news.release/archives/empsit_10082010.htm
2010-10,2010-11-05,https://www.bls.gov/news.release/archives/empsit_11052010.htm
2010-11,2010-12-03,https://www.bls.gov/news.release/archives/empsit_12032010.htm
2010-12,2011-01-07,https://www.bls.gov/news.release/archives/empsit_01072011.htm
2011-01,2011-02-04,https://www.bls.gov/news.release/archives/empsit_02042011.htm
2011-02,2011-03-04,https://www.bls.gov/news.release/archives/empsit_03042011.htm
2011-03,2011-04-01,https://www.bls.gov/news.release/archives/empsit_04012011.htm
2011-04,2011-05-06,https://www.bls.gov/news.release/archives/empsit_05062011.htm
2011-05,2011-06-03,https://www.bls.gov/news.release/archives/empsit_06032011.htm
2011-06,2011-07-08,https://www.bls.gov/news.release/archives/empsit_07082011.htm
2011-07,2011-08-05,https://www.bls.gov/news.release/archives/empsit_08052011.htm
2011-08,2011-09-02,https://www.bls.gov/news.release/archives/empsit_09022011.htm
2011-09,2011-10-07,https://www.bls.gov/news.release/archives/empsit_10072011.htm
2011-10,2011-11-04,https://www.bls.gov/news.release/archives/empsit_11042011.htm
2011-11,2011-12-02,https://www.bls.gov/news.release/archives/empsit_12022011.htm
2011-12,2012-01-06,https://www.bls.gov/news.release/archives/empsit_01062012.htm
2012-01,2012-02-03,https://www.bls.gov/news.release/archives/empsit_02032012.htm
2012-02,2012-03-09,https://www.bls.gov/news.release/archives/empsit_03092012.htm
2012-03,2012-04-06,https://www.bls.gov/news.release/archives/empsit_04062012.htm
2012-04,2012-05-04,https://www.bls.gov/news.release/archives/empsit_05042012.htm
2012-05,2012-06-01,https://www.bls.gov/news.release/archives/empsit_06012012.htm
2012-06,2012-07-06,https://www.bls.gov/news.release/archives/empsit_07062012.htm
2012-07,2012-08-03,https://www.bls.gov/news.release/archives/empsit_08032012.htm
2012-08,2012-09-07,https://www.bls.gov/news.release/archives/empsit_09072012.htm
2012-09,2012-10-05,https://www.bls.gov/news.release/archives/empsit_10052012.htm
2012-10,2012-11-02,https://www.bls.gov/news.release/archives/empsit_11022012.htm
2012-11,2012-12-07,https://www.bls.gov/news.release/archives/empsit_12072012.htm
2012-12,2013-01-04,https://www.bls.gov/news.release/archives/empsit_01042013.htm
2013-01,2013-02-01,https://www.bls.gov/news.release/archives/empsit_02012013.htm
2013-02,2013-03-08,https://www.bls.gov/news.release/archives/empsit_03082013.htm
2013-03,2013-04-05,https://www.bls.gov/news.release/archives/empsit_04052013.htm
2013-04,2013-05-03,https://www.bls.gov/news.release/archives/empsit_05032013.htm
2013-05,2013-06-07,https://www.bls.gov/news.release/archives/empsit_06072013.htm
2013-06,2013-07-05,https://www.bls.gov/news.release/archives/empsit_07052013.htm
2013-07,2013-08-02,https://www.bls.gov/news.release/archives/empsit_08022013.htm
2013-08,2013-09-06,https://www.bls.gov/news.release/archives/empsit_09062013.htm
2013-09,2013-10-22,https://www.bls.gov/news.release/archives/empsit_10222013.htm
2013-10,2013-11-08,https://www.bls.gov/news.release/archives/empsit_11082013.htm
2013-11,2013-12-06,https://www.bls.gov/news.release/archives/empsit_12062013.htm
2013-12,2014-01-10,https://www.bls.gov/news.release/archives/empsit_01102014.htm
2014-01,2014-02-07,https://www.bls.gov/news.release/archives/empsit_02072014.htm
2014-02,2014-03-07,https://www.bls.gov/news.release/archives/empsit_03072014.htm
2014-03,2014-04-04,https://www.bls.gov/news.release/archives/empsit_04042014.htm
2014-04,2014-05-02,https://www.bls.gov/news.release/archives/empsit_05022014.htm
2014-05,2014-06-06,https://www.bls.gov/news.release/archives/empsit_06062014.htm
2014-06,2014-07-03,https://www.bls.gov/news.release/archives/empsit_07032014.htm
2014-07,2014-08-01,https://www.bls.gov/news.release/archives/empsit_08012014.htm
2014-08,2014-09-05,https://www.bls.gov/news.release/archives/empsit_09052014.htm
2014-09,2014-10-03,https://www.bls.gov/news.release/archives/empsit_10032014.htm
2014-10,2014-11-07,https://www.bls.gov/news.release/archives/empsit_11072014.htm
2014-11,2014-12-05,https://www.bls.gov/news.release/archives/empsit_12052014.htm
2014-12,2015-01-09,https://www.bls.gov/news.release/archives/empsit_01092015.htm
2015-01,2015-02-06,https://www.bls.gov/news.release/archives/empsit_02062015.htm
2015-02,2015-03-06,https://www.bls.gov/news.release/archives/empsit_03062015.htm
2015-03,2015-04-03,https://www.bls.gov/news.release/archives/empsit_04032015.htm
2015-04,2015-05-08,https://www.bls.gov/news.release/archives/empsit_05082015.htm
2015-05,2015-06-05,https://www.bls.gov/news.release/archives/empsit_06052015.htm
2015-06,2015-07-02,https://www.bls.gov/news.release/archives/empsit_07022015.htm
2015-07,2015-08-07,https://www.bls.gov/news.release/archives/empsit_08072015.htm
2015-08,2015-09-04,https://www.bls.gov/news.release/archives/empsit_09042015.htm
2015-09,2015-10-02,https://www.bls.gov/news.release/archives/empsit_10022015.htm
2015-10,2015-11-06,https://www.bls.gov/news.release/archives/empsit_11062015.htm
2015-11,2015-12-04,https://www.bls.gov/news.release/archives/empsit_12042015.htm
2015-12,2016-01-08,https://www.bls.gov/news.release/archives/empsit_01082016.htm
2016-01,2016-02-05,https://www.bls.gov/news.release/archives/empsit_02052016.htm
2016-02,2016-03-04,https://www.bls.gov/news.release/archives/empsit_03042016.htm
2016-03,2016-04-01,https://www.bls.gov/news.release/archives/empsit_04012016.htm
2016-04,2016-05-06,https://www.bls.gov/news.release/archives/empsit_05062016.htm
2016-05,2016-06-03,https://www.bls.gov/news.release/archives/empsit_06032016.htm
2016-06,2016-07-08,https://www.bls.gov/news.release/archives/empsit_07082016.htm
2016-07,2016-08-05,https://www.bls.gov/news.release/archives/empsit_08052016.htm
2016-08,2016-09-02,https://www.bls.gov/news.release/archives/empsit_09022016.htm
2016-09,2016-10-07,https://www.bls.gov/news.release/archives/empsit_10072016.htm
2016-10,2016-11-04,https://www.bls.gov/news.release/archives/empsit_11042016.htm
2016-11,2016-12-02,https://www.bls.gov/news.release/archives/empsit_12022016.htm
2016-12,2017-01-06,https://www.bls.gov/news.release/archives/empsit_01062017.htm
2017-01,2017-02-03,https://www.bls.gov/news.release/archives/empsit_02032017.htm
2017-02,2017-03-10,https://www.bls.gov/news.release/archives/empsit_03102017.htm
2017-03,2017-04-07,https://www.bls.gov/news.release/archives/empsit_04072017.htm
2017-04,2017-05-05,https://www.bls.gov/news.release/archives/empsit_05052017.htm
2017-05,2017-06-02,https://www.bls.gov/news.release/archives/empsit_06022017.htm
2017-06,2017-07-07,https://www.bls.gov/news.release/archives/empsit_07072017.htm
2017-07,2017-08-04,https://www.bls.gov/news.release/archives/empsit_08042017.htm
2017-08,2017-09-01,https://www.bls.gov/news.release/archives/empsit_09012017.htm
2017-09,2017-10-06,https://www.bls.gov/news.release/archives/empsit_10062017.htm
2017-10,2017-11-03,https://www.bls.gov/news.release/archives/empsit_11032017.htm
2017-11,2017-12-08,https://www.bls.gov/news.release/archives/empsit_12082017.htm
2017-12,2018-01-05,https://www.bls.gov/news.release/archives/empsit_01052018.htm
2018-01,2018-02-02,https://www.bls.gov/news.release/archives/empsit_02022018.htm
2018-02,2018-03-09,https://www.bls.gov/news.release/archives/empsit_03092018.htm
2018-03,2018-04-06,https://www.bls.gov/news.release/archives/empsit_04062018.htm
2018-04,2018-05-04,https://www.bls.gov/news.release/archives/empsit_05042018.htm
2018-05,2018-06-01,https://www.bls.gov/news.release/archives/empsit_06012018.htm
2018-06,2018-07-06,https://www.bls.gov/news.release/archives/empsit_07062018.htm
2018-07,2018-08-03,https://www.bls.gov/news.release/archives/empsit_08032018.htm
2018-08,2018-09-07,https://www.bls.gov/news.release/archives/empsit_09072018.htm
2018-09,2018-10-05,https://www.bls.gov/news.release/archives/empsit_10052018.htm
2018-10,2018-11-02,https://www.bls.gov/news.release/archives/empsit_11022018.htm
2018-11,2018-12-07,https://www.bls.gov/news.release/archives/empsit_12072018.htm
2018-12,2019-01-04,https://www.bls.gov/news.release/archives/empsit_01042019.htm
2019-01,2019-02-01,https://www.bls.gov/news.release/archives/empsit_02012019.htm
2019-02,2019-03-08,https://www.bls.gov/news.release/archives/empsit_03082019.htm
2019-03,2019-04-05,https://www.bls.gov/news.release/archives/empsit_04052019.htm
2019-04,2019-05-03,https://www.bls.gov/news.release/archives/empsit_05032019.htm
2019-05,2019-06-07,https://www.bls.gov/news.release/archives/empsit_06072019.htm
2019-06,2019-07-05,https://www.bls.gov/news.release/archives/empsit_07052019.htm
2019-07,2019-08-02,https://www.bls.gov/news.release/archives/empsit_08022019.htm
2019-08,2019-09-06,https://www.bls.gov/news.release/archives/empsit_09062019.htm
2019-09,2019-10-04,https://www.bls.gov/news.release/archives/empsit_10042019.htm
2019-10,2019-11-01,https://www.bls.gov/news.release/archives/empsit_11012019.htm
2019-11,2019-12-06,https://www.bls.gov/news.release/archives/empsit_12062019.htm
2019-12,2020-01-10,https://www.bls.gov/news.release/archives/empsit_01102020.htm
2020-01,2020-02-07,https://www.bls.gov/news.release/archives/empsit_02072020.htm
2020-02,2020-03-06,https://www.bls.gov/news.release/archives/empsit_03062020.htm
2020-03,2020-04-03,https://www.bls.gov/news.release/archives/empsit_04032020.htm
2020-04,2020-05-08,https://www.bls.gov/news.release/archives/empsit_05082020.htm
2020-05,2020-06-05,https://www.bls.gov/news.release/archives/empsit_06052020.htm
2020-06,2020-07-02,https://www.bls.gov/news.release/archives/empsit_07022020.htm
2020-07,2020-08-07,https://www.bls.gov/news.release/archives/empsit_08072020.htm
2020-08,2020-09-04,https://www.bls.gov/news.release/archives/empsit_09042020.htm
2020-09,2020-10-02,https://www.bls.gov/news.release/archives/empsit_10022020.htm
2020-10,2020-11-06,https://www.bls.gov/news.release/archives/empsit_11062020.htm
2020-11,2020-12-04,https://www.bls.gov/news.release/archives/empsit_12042020.htm
2020-12,2021-01-08,https://www.bls.gov/news.release/archives/empsit_01082021.htm
2021-01,2021-02-05,https://www.bls.gov/news.release/archives/empsit_02052021.htm
2021-02,2021-03-05,https://www.bls.gov/news.release/archives/empsit_03052021.htm
2021-03,2021-04-02,https://www.bls.gov/news.release/archives/empsit_04022021.htm
2021-04,2021-05-07,https://www.bls.gov/news.release/archives/empsit_05072021.htm
2021-05,2021-06-04,https://www.bls.gov/news.release/archives/empsit_06042021.htm
2021-06,2021-07-02,https://www.bls.gov/news.release/archives/empsit_07022021.htm
2021-07,2021-08-06,https://www.bls.gov/news.release/archives/empsit_08062021.htm
2021-08,2021-09-03,https://www.bls.gov/news.release/archives/empsit_09032021.htm
2021-09,2021-10-08,https://www.bls.gov/news.release/archives/empsit_10082021.htm
2021-10,2021-11-05,https://www.bls.gov/news.release/archives/empsit_11052021.htm
2021-11,2021-12-03,https://www.bls.gov/news.release/archives/empsit_12032021.htm
2021-12,2022-01-07,https://www.bls.gov/news.release/archives/empsit_01072022.htm
2022-01,2022-02-04,https://www.bls.gov/news.release/archives/empsit_02042022.htm
2022-02,2022-03-04,https://www.bls.gov/news.release/archives/empsit_03042022.htm
2022-03,2022-04-01,https://www.bls.gov/news.release/archives/empsit_04012022.htm
2022-04,2022-05-06,https://www.bls.gov/news.release/archives/empsit_05062022.htm
2022-05,2022-06-03,https://www.bls.gov/news.release/archives/empsit_06032022.htm
2022-06,2022-07-08,https://www.bls.gov/news.release/archives/empsit_07082022.htm
2022-07,2022-08-05,https://www.bls.gov/news.release/archives/empsit_08052022.htm
2022-08,2022-09-02,https://www.bls.gov/news.release/archives/empsit_09022022.htm
2022-09,2022-10-07,https://www.bls.gov/news.release/archives/empsit_10072022.htm
2022-10,2022-11-04,https://www.bls.gov/news.release/archives/empsit_11042022.htm
2022-11,2022-12-02,https://www.bls.gov/news.release/archives/empsit_12022022.htm
2022-12,2023-01-06,https://www.bls.gov/news.release/archives/empsit_01062023.htm
2023-01,2023-02-03,https://www.bls.gov/news.release/archives/empsit_02032023.htm
2023-02,2023-03-10,https://www.bls.gov/news.release/archives/empsit_03102023.htm
2023-03,2023-04-07,https://www.bls.gov/news.release/archives/empsit_04072023.htm
2023-04,2023-05-05,https://www.bls.gov/news.release/archives/empsit_05052023.htm
2023-05,2023-06-02,https://www.bls.gov/news.release/archives/empsit_06022023.htm
2023-06,2023-07-07,https://www.bls.gov/news.release/archives/empsit_07072023.htm
2023-07,2023-08-04,https://www.bls.gov/news.release/archives/empsit_08042023.htm
2023-08,2023-09-01,https://www.bls.gov/news.release/archives/empsit_09012023.htm
2023-09,2023-10-06,https://www.bls.gov/news.release/archives/empsit_10062023.htm
2023-10,2023-11-03,https://www.bls.gov/news.release/archives/empsit_11032023.htm
2023-11,2023-12-08,https://www.bls.gov/news.release/archives/empsit_12082023.htm
2023-12,2024-01-05,https://www.bls.gov/news.release/archives/empsit_01052024.htm
2024-01,2024-02-02,https://www.bls.gov/news.release/archives/empsit_02022024.htm
2024-02,2024-03-08,https://www.bls.gov/news.release/archives/empsit_03082024.htm
2024-03,2024-04-05,https://www.bls.gov/news.release/archives/empsit_04052024.htm
2024-04,2024-05-03,https://www.bls.gov/news.release/archives/empsit_05032024.htm
2024-05,2024-06-07,https://www.bls.gov/news.release/archives/empsit_06072024.htm
2024-06,2024-07-05,https://www.bls.gov/news.release/archives/empsit_07052024.htm
2024-07,2024-08-02,https://www.bls.gov/news.release/archives/empsit_08022024.htm
2024-08,2024-09-06,https://www.bls.gov/news.release/archives/empsit_09062024.htm
2024-09,2024-10-04,https://www.bls.gov/news.release/archives/empsit_10042024.htm
2024-10,2024-11-01,https://www.bls.gov/news.release/archives/empsit_11012024.htm
2024-11,2024-12-06,https://www.bls.gov/news.release/archives/empsit_12062024.htm
2024-12,2025-01-10,https://www.bls.gov/news.release/archives/empsit_01102025.htm
2025-01,2025-02-07,https://www.bls.gov/news.release/archives/empsit_02072025.htm
2025-02,2025-03-07,https://www.bls.gov/news.release/archives/empsit_03072025.htm
2025-03,2025-04-04,https://www.bls.gov/news.release/archives/empsit_04042025.htm
2025-04,2025-05-02,https://www.bls.gov/news.release/archives/empsit_05022025.htm
2025-05,2025-06-06,https://www.bls.gov/news.release/archives/empsit_06062025.htm
2025-06,2025-07-03,https://www.bls.gov/news.release/archives/empsit_07032025.htm
2025-07,2025-08-01,https://www.bls.gov/news.release/archives/empsit_08012025.htm
2025-08,2025-09-05,https://www.bls.gov/news.release/archives/empsit_09052025.htm
2025-09,2025-11-20,https://www.bls.gov/news.release/archives/empsit_11202025.htm
2025-11,2025-12-16,https://www.bls.gov/news.release/archives/empsit_12162025.htm
2025-12,2026-01-09,https://www.bls.gov/news.release/archives/empsit_01092026.htm
2026-01,2026-02-11,https://www.bls.gov/news.release/archives/empsit_02112026.htm
2026-02,2026-03-06,https://www.bls.gov/news.release/archives/empsit_03062026.htm
2026-03,2026-04-03,https://www.bls.gov/news.release/archives/empsit_04032026.htm
2026-04,2026-05-08,https://www.bls.gov/news.release/archives/empsit_05082026.htm
2026-05,2026-06-05,https://www.bls.gov/news.release/archives/empsit_06052026.htm
2026-06,2026-07-02,https://www.bls.gov/news.release/archives/empsit_07022026.htm
2026-07,2026-08-07,https://www.bls.gov/news.release/archives/empsit_08072026.htm
2026-08,2026-09-04,https://www.bls.gov/news.release/archives/empsit_09042026.htm
