benchmark_year,period_label,reference_month,frequency,realized_text,forecast_text,difference_text,source_file,source_locator
2009,Apr-08,2008-04-01,monthly,46,174,‐128,bls/benchmark/ces-benchmark-revision-2009.pdf,"Differences between forecasted and actual net birth/death, PDF page 9"
2009,May-08,2008-05-01,monthly,184,177,7,bls/benchmark/ces-benchmark-revision-2009.pdf,"Differences between forecasted and actual net birth/death, PDF page 9"
2009,Jun-08,2008-06-01,monthly,108,164,‐56,bls/benchmark/ces-benchmark-revision-2009.pdf,"Differences between forecasted and actual net birth/death, PDF page 9"
2009,Jul-08,2008-07-01,monthly,‐28,24,‐52,bls/benchmark/ces-benchmark-revision-2009.pdf,"Differences between forecasted and actual net birth/death, PDF page 9"
2009,Aug-08,2008-08-01,monthly,109,93,16,bls/benchmark/ces-benchmark-revision-2009.pdf,"Differences between forecasted and actual net birth/death, PDF page 9"
2009,Sep-08,2008-09-01,monthly,5,19,‐14,bls/benchmark/ces-benchmark-revision-2009.pdf,"Differences between forecasted and actual net birth/death, PDF page 9"
2009,Oct-08,2008-10-01,monthly,25,95,‐70,bls/benchmark/ces-benchmark-revision-2009.pdf,"Differences between forecasted and actual net birth/death, PDF page 9"
2009,Nov-08,2008-11-01,monthly,‐48,17,‐65,bls/benchmark/ces-benchmark-revision-2009.pdf,"Differences between forecasted and actual net birth/death, PDF page 9"
2009,Dec-08,2008-12-01,monthly,‐9,59,‐68,bls/benchmark/ces-benchmark-revision-2009.pdf,"Differences between forecasted and actual net birth/death, PDF page 9"
2009,Jan-09,2009-01-01,monthly,‐570,‐355,‐215,bls/benchmark/ces-benchmark-revision-2009.pdf,"Differences between forecasted and actual net birth/death, PDF page 9"
2009,Feb-09,2009-02-01,monthly,59,131,‐72,bls/benchmark/ces-benchmark-revision-2009.pdf,"Differences between forecasted and actual net birth/death, PDF page 9"
2009,Mar-09,2009-03-01,monthly,52,114,‐62,bls/benchmark/ces-benchmark-revision-2009.pdf,"Differences between forecasted and actual net birth/death, PDF page 9"
2009,Total,,annual,‐68,711,‐779,bls/benchmark/ces-benchmark-revision-2009.pdf,"Differences between forecasted and actual net birth/death, PDF page 9"
2010,Apr-09,2009-04-01,monthly,-3,124,-127,bls/benchmark/ces-benchmark-revision-2010.pdf,"Exhibit 7, PDF page 21"
2010,May-09,2009-05-01,monthly,172,185,-13,bls/benchmark/ces-benchmark-revision-2010.pdf,"Exhibit 7, PDF page 21"
2010,Jun-09,2009-06-01,monthly,127,134,-7,bls/benchmark/ces-benchmark-revision-2010.pdf,"Exhibit 7, PDF page 21"
2010,Jul-09,2009-07-01,monthly,-70,-12,-58,bls/benchmark/ces-benchmark-revision-2010.pdf,"Exhibit 7, PDF page 21"
2010,Aug-09,2009-08-01,monthly,81,97,-16,bls/benchmark/ces-benchmark-revision-2010.pdf,"Exhibit 7, PDF page 21"
2010,Sep-09,2009-09-01,monthly,-53,0,-53,bls/benchmark/ces-benchmark-revision-2010.pdf,"Exhibit 7, PDF page 21"
2010,Oct-09,2009-10-01,monthly,96,50,46,bls/benchmark/ces-benchmark-revision-2010.pdf,"Exhibit 7, PDF page 21"
2010,Nov-09,2009-11-01,monthly,-35,-23,-12,bls/benchmark/ces-benchmark-revision-2010.pdf,"Exhibit 7, PDF page 21"
2010,Dec-09,2009-12-01,monthly,0,23,-23,bls/benchmark/ces-benchmark-revision-2010.pdf,"Exhibit 7, PDF page 21"
2010,Jan-10,2010-01-01,monthly,-469,-428,-41,bls/benchmark/ces-benchmark-revision-2010.pdf,"Exhibit 7, PDF page 21"
2010,Feb-10,2010-02-01,monthly,89,97,-8,bls/benchmark/ces-benchmark-revision-2010.pdf,"Exhibit 7, PDF page 21"
2010,Mar-10,2010-03-01,monthly,110,83,27,bls/benchmark/ces-benchmark-revision-2010.pdf,"Exhibit 7, PDF page 21"
2010,Total,,annual,46,331,-285,bls/benchmark/ces-benchmark-revision-2010.pdf,"Exhibit 7, PDF page 21"
2011,Apr-10,2010-04-01,monthly,106,141,-35,bls/benchmark/ces-benchmark-revision-2011.pdf,"Exhibit 6, PDF page 21"
2011,May-10,2010-05-01,monthly,205,192,13,bls/benchmark/ces-benchmark-revision-2011.pdf,"Exhibit 6, PDF page 21"
2011,Jun-10,2010-06-01,monthly,138,131,7,bls/benchmark/ces-benchmark-revision-2011.pdf,"Exhibit 6, PDF page 21"
2011,Jul-10,2010-07-01,monthly,55,-38,93,bls/benchmark/ces-benchmark-revision-2011.pdf,"Exhibit 6, PDF page 21"
2011,Aug-10,2010-08-01,monthly,70,91,-21,bls/benchmark/ces-benchmark-revision-2011.pdf,"Exhibit 6, PDF page 21"
2011,Sep-10,2010-09-01,monthly,-49,-25,-24,bls/benchmark/ces-benchmark-revision-2011.pdf,"Exhibit 6, PDF page 21"
2011,Oct-10,2010-10-01,monthly,185,71,114,bls/benchmark/ces-benchmark-revision-2011.pdf,"Exhibit 6, PDF page 21"
2011,Nov-10,2010-11-01,monthly,-33,-32,-1,bls/benchmark/ces-benchmark-revision-2011.pdf,"Exhibit 6, PDF page 21"
2011,Dec-10,2010-12-01,monthly,-20,6,-26,bls/benchmark/ces-benchmark-revision-2011.pdf,"Exhibit 6, PDF page 21"
2011,Jan-11,2011-01-01,monthly,-356,-339,-17,bls/benchmark/ces-benchmark-revision-2011.pdf,"Exhibit 6, PDF page 21"
2011,Feb-11,2011-02-01,monthly,72,112,-40,bls/benchmark/ces-benchmark-revision-2011.pdf,"Exhibit 6, PDF page 21"
2011,Mar-11,2011-03-01,monthly,64,117,-53,bls/benchmark/ces-benchmark-revision-2011.pdf,"Exhibit 6, PDF page 21"
2011,Total,,annual,437,427,10,bls/benchmark/ces-benchmark-revision-2011.pdf,"Exhibit 6, PDF page 21"
2012,Apr-11,2011-04-01,monthly,272,172,100,bls/benchmark/ces-benchmark-revision-2012.pdf,"Table 7, PDF page 35"
2012,May-11,2011-05-01,monthly,204,211,-7,bls/benchmark/ces-benchmark-revision-2012.pdf,"Table 7, PDF page 35"
2012,Jun-11,2011-06-01,monthly,116,141,-25,bls/benchmark/ces-benchmark-revision-2012.pdf,"Table 7, PDF page 35"
2012,Jul-11,2011-07-01,monthly,157,5,152,bls/benchmark/ces-benchmark-revision-2012.pdf,"Table 7, PDF page 35"
2012,Aug-11,2011-08-01,monthly,93,89,4,bls/benchmark/ces-benchmark-revision-2012.pdf,"Table 7, PDF page 35"
2012,Sep-11,2011-09-01,monthly,27,-26,53,bls/benchmark/ces-benchmark-revision-2012.pdf,"Table 7, PDF page 35"
2012,Oct-11,2011-10-01,monthly,122,116,6,bls/benchmark/ces-benchmark-revision-2012.pdf,"Table 7, PDF page 35"
2012,Nov-11,2011-11-01,monthly,-23,-30,7,bls/benchmark/ces-benchmark-revision-2012.pdf,"Table 7, PDF page 35"
2012,Dec-11,2011-12-01,monthly,3,-1,4,bls/benchmark/ces-benchmark-revision-2012.pdf,"Table 7, PDF page 35"
2012,Jan-12,2012-01-01,monthly,-284,-367,83,bls/benchmark/ces-benchmark-revision-2012.pdf,"Table 7, PDF page 35"
2012,Feb-12,2012-02-01,monthly,115,91,24,bls/benchmark/ces-benchmark-revision-2012.pdf,"Table 7, PDF page 35"
2012,Mar-12,2012-03-01,monthly,115,90,25,bls/benchmark/ces-benchmark-revision-2012.pdf,"Table 7, PDF page 35"
2012,Total,,annual,917,491,426,bls/benchmark/ces-benchmark-revision-2012.pdf,"Table 7, PDF page 35"
2013,Apr-12,2012-04-01,monthly,273,206,67,bls/benchmark/ces-benchmark-revision-2013.pdf,"Table 7, PDF page 31"
2013,May-12,2012-05-01,monthly,210,205,5,bls/benchmark/ces-benchmark-revision-2013.pdf,"Table 7, PDF page 31"
2013,Jun-12,2012-06-01,monthly,162,122,40,bls/benchmark/ces-benchmark-revision-2013.pdf,"Table 7, PDF page 31"
2013,Jul-12,2012-07-01,monthly,88,66,22,bls/benchmark/ces-benchmark-revision-2013.pdf,"Table 7, PDF page 31"
2013,Aug-12,2012-08-01,monthly,103,89,14,bls/benchmark/ces-benchmark-revision-2013.pdf,"Table 7, PDF page 31"
2013,Sep-12,2012-09-01,monthly,-30,-14,-16,bls/benchmark/ces-benchmark-revision-2013.pdf,"Table 7, PDF page 31"
2013,Oct-12,2012-10-01,monthly,202,118,84,bls/benchmark/ces-benchmark-revision-2013.pdf,"Table 7, PDF page 31"
2013,Nov-12,2012-11-01,monthly,-3,-36,33,bls/benchmark/ces-benchmark-revision-2013.pdf,"Table 7, PDF page 31"
2013,Dec-12,2012-12-01,monthly,-2,-1,-1,bls/benchmark/ces-benchmark-revision-2013.pdf,"Table 7, PDF page 31"
2013,Jan-13,2013-01-01,monthly,-345,-314,-31,bls/benchmark/ces-benchmark-revision-2013.pdf,"Table 7, PDF page 31"
2013,Feb-13,2013-02-01,monthly,147,102,45,bls/benchmark/ces-benchmark-revision-2013.pdf,"Table 7, PDF page 31"
2013,Mar-13,2013-03-01,monthly,60,92,-32,bls/benchmark/ces-benchmark-revision-2013.pdf,"Table 7, PDF page 31"
2013,Total,,annual,865,635,230,bls/benchmark/ces-benchmark-revision-2013.pdf,"Table 7, PDF page 31"
2014,Apr-13,2013-04-01,monthly,277,236,41,bls/benchmark/ces-benchmark-revision-2014.pdf,"Table 7, PDF page 28"
2014,May-13,2013-05-01,monthly,201,210,-9,bls/benchmark/ces-benchmark-revision-2014.pdf,"Table 7, PDF page 28"
2014,Jun-13,2013-06-01,monthly,129,140,-11,bls/benchmark/ces-benchmark-revision-2014.pdf,"Table 7, PDF page 28"
2014,Jul-13,2013-07-01,monthly,143,86,57,bls/benchmark/ces-benchmark-revision-2014.pdf,"Table 7, PDF page 28"
2014,Aug-13,2013-08-01,monthly,127,99,28,bls/benchmark/ces-benchmark-revision-2014.pdf,"Table 7, PDF page 28"
2014,Sep-13,2013-09-01,monthly,-19,-30,11,bls/benchmark/ces-benchmark-revision-2014.pdf,"Table 7, PDF page 28"
2014,Oct-13,2013-10-01,monthly,164,159,5,bls/benchmark/ces-benchmark-revision-2014.pdf,"Table 7, PDF page 28"
2014,Nov-13,2013-11-01,monthly,22,-11,33,bls/benchmark/ces-benchmark-revision-2014.pdf,"Table 7, PDF page 28"
2014,Dec-13,2013-12-01,monthly,-26,-12,-14,bls/benchmark/ces-benchmark-revision-2014.pdf,"Table 7, PDF page 28"
2014,Jan-14,2014-01-01,monthly,-252,-307,55,bls/benchmark/ces-benchmark-revision-2014.pdf,"Table 7, PDF page 28"
2014,Feb-14,2014-02-01,monthly,141,124,17,bls/benchmark/ces-benchmark-revision-2014.pdf,"Table 7, PDF page 28"
2014,Mar-14,2014-03-01,monthly,64,75,-11,bls/benchmark/ces-benchmark-revision-2014.pdf,"Table 7, PDF page 28"
2014,Total,,annual,971,769,202,bls/benchmark/ces-benchmark-revision-2014.pdf,"Table 7, PDF page 28"
2015,Apr-14,2014-04-01,monthly,250,263,-13,bls/benchmark/ces-benchmark-revision-2015.pdf,"Table 7, PDF page 31"
2015,May-14,2014-05-01,monthly,249,204,45,bls/benchmark/ces-benchmark-revision-2015.pdf,"Table 7, PDF page 31"
2015,Jun-14,2014-06-01,monthly,112,129,-17,bls/benchmark/ces-benchmark-revision-2015.pdf,"Table 7, PDF page 31"
2015,Jul-14,2014-07-01,monthly,99,122,-23,bls/benchmark/ces-benchmark-revision-2015.pdf,"Table 7, PDF page 31"
2015,Aug-14,2014-08-01,monthly,143,104,39,bls/benchmark/ces-benchmark-revision-2015.pdf,"Table 7, PDF page 31"
2015,Sep-14,2014-09-01,monthly,-37,-19,-18,bls/benchmark/ces-benchmark-revision-2015.pdf,"Table 7, PDF page 31"
2015,Oct-14,2014-10-01,monthly,204,164,40,bls/benchmark/ces-benchmark-revision-2015.pdf,"Table 7, PDF page 31"
2015,Nov-14,2014-11-01,monthly,8,16,-8,bls/benchmark/ces-benchmark-revision-2015.pdf,"Table 7, PDF page 31"
2015,Dec-14,2014-12-01,monthly,-21,-15,-6,bls/benchmark/ces-benchmark-revision-2015.pdf,"Table 7, PDF page 31"
2015,Jan-15,2015-01-01,monthly,-202,-275,73,bls/benchmark/ces-benchmark-revision-2015.pdf,"Table 7, PDF page 31"
2015,Feb-15,2015-02-01,monthly,125,132,-7,bls/benchmark/ces-benchmark-revision-2015.pdf,"Table 7, PDF page 31"
2015,Mar-15,2015-03-01,monthly,46,72,-26,bls/benchmark/ces-benchmark-revision-2015.pdf,"Table 7, PDF page 31"
2015,Total,,annual,976,897,79,bls/benchmark/ces-benchmark-revision-2015.pdf,"Table 7, PDF page 31"
2016,Apr-15,2015-04-01,monthly,324,223,101,bls/benchmark/ces-benchmark-revision-2016.pdf,"Table 7, PDF page 29"
2016,May-15,2015-05-01,monthly,256,217,39,bls/benchmark/ces-benchmark-revision-2016.pdf,"Table 7, PDF page 29"
2016,Jun-15,2015-06-01,monthly,97,114,-17,bls/benchmark/ces-benchmark-revision-2016.pdf,"Table 7, PDF page 29"
2016,Jul-15,2015-07-01,monthly,187,115,72,bls/benchmark/ces-benchmark-revision-2016.pdf,"Table 7, PDF page 29"
2016,Aug-15,2015-08-01,monthly,121,115,6,bls/benchmark/ces-benchmark-revision-2016.pdf,"Table 7, PDF page 29"
2016,Sep-15,2015-09-01,monthly,-75,-31,-44,bls/benchmark/ces-benchmark-revision-2016.pdf,"Table 7, PDF page 29"
2016,Oct-15,2015-10-01,monthly,288,178,110,bls/benchmark/ces-benchmark-revision-2016.pdf,"Table 7, PDF page 29"
2016,Nov-15,2015-11-01,monthly,-2,13,-15,bls/benchmark/ces-benchmark-revision-2016.pdf,"Table 7, PDF page 29"
2016,Dec-15,2015-12-01,monthly,-28,-16,-12,bls/benchmark/ces-benchmark-revision-2016.pdf,"Table 7, PDF page 29"
2016,Jan-16,2016-01-01,monthly,-289,-233,-56,bls/benchmark/ces-benchmark-revision-2016.pdf,"Table 7, PDF page 29"
2016,Feb-16,2016-02-01,monthly,113,129,-16,bls/benchmark/ces-benchmark-revision-2016.pdf,"Table 7, PDF page 29"
2016,Mar-16,2016-03-01,monthly,-5,64,-69,bls/benchmark/ces-benchmark-revision-2016.pdf,"Table 7, PDF page 29"
2016,Total,,annual,987,888,99,bls/benchmark/ces-benchmark-revision-2016.pdf,"Table 7, PDF page 29"
2017,Apr-16,2016-04-01,monthly,404,255,149,bls/benchmark/ces-benchmark-revision-2017.pdf,"Table 7, PDF page 45"
2017,May-16,2016-05-01,monthly,180,231,-51,bls/benchmark/ces-benchmark-revision-2017.pdf,"Table 7, PDF page 45"
2017,Jun-16,2016-06-01,monthly,15,99,-84,bls/benchmark/ces-benchmark-revision-2017.pdf,"Table 7, PDF page 45"
2017,Jul-16,2016-07-01,monthly,244,154,90,bls/benchmark/ces-benchmark-revision-2017.pdf,"Table 7, PDF page 45"
2017,Aug-16,2016-08-01,monthly,105,113,-8,bls/benchmark/ces-benchmark-revision-2017.pdf,"Table 7, PDF page 45"
2017,Sep-16,2016-09-01,monthly,-38,-58,20,bls/benchmark/ces-benchmark-revision-2017.pdf,"Table 7, PDF page 45"
2017,Oct-16,2016-10-01,monthly,255,237,18,bls/benchmark/ces-benchmark-revision-2017.pdf,"Table 7, PDF page 45"
2017,Nov-16,2016-11-01,monthly,-14,7,-21,bls/benchmark/ces-benchmark-revision-2017.pdf,"Table 7, PDF page 45"
2017,Dec-16,2016-12-01,monthly,-35,-17,-18,bls/benchmark/ces-benchmark-revision-2017.pdf,"Table 7, PDF page 45"
2017,Jan-17,2017-01-01,monthly,-179,-247,68,bls/benchmark/ces-benchmark-revision-2017.pdf,"Table 7, PDF page 45"
2017,Feb-17,2017-02-01,monthly,98,124,-26,bls/benchmark/ces-benchmark-revision-2017.pdf,"Table 7, PDF page 45"
2017,Mar-17,2017-03-01,monthly,76,32,44,bls/benchmark/ces-benchmark-revision-2017.pdf,"Table 7, PDF page 45"
2017,Total,,annual,"1,111",930,181,bls/benchmark/ces-benchmark-revision-2017.pdf,"Table 7, PDF page 45"
2018,Apr-17,2017-04-01,monthly,281,264,17,bls/benchmark/ces-benchmark-revision-2018.pdf,"Table 8, PDF page 13"
2018,May-17,2017-05-01,monthly,204,232,-28,bls/benchmark/ces-benchmark-revision-2018.pdf,"Table 8, PDF page 13"
2018,Jun-17,2017-06-01,monthly,124,110,14,bls/benchmark/ces-benchmark-revision-2018.pdf,"Table 8, PDF page 13"
2018,Jul-17,2017-07-01,monthly,140,200,-60,bls/benchmark/ces-benchmark-revision-2018.pdf,"Table 8, PDF page 13"
2018,Aug-17,2017-08-01,monthly,91,115,-24,bls/benchmark/ces-benchmark-revision-2018.pdf,"Table 8, PDF page 13"
2018,Sep-17,2017-09-01,monthly,-61,-41,-20,bls/benchmark/ces-benchmark-revision-2018.pdf,"Table 8, PDF page 13"
2018,Oct-17,2017-10-01,monthly,279,247,32,bls/benchmark/ces-benchmark-revision-2018.pdf,"Table 8, PDF page 13"
2018,Nov-17,2017-11-01,monthly,-24,8,-32,bls/benchmark/ces-benchmark-revision-2018.pdf,"Table 8, PDF page 13"
2018,Dec-17,2017-12-01,monthly,-45,-23,-22,bls/benchmark/ces-benchmark-revision-2018.pdf,"Table 8, PDF page 13"
2018,Jan-18,2018-01-01,monthly,-149,-198,49,bls/benchmark/ces-benchmark-revision-2018.pdf,"Table 8, PDF page 13"
2018,Feb-18,2018-02-01,monthly,157,125,32,bls/benchmark/ces-benchmark-revision-2018.pdf,"Table 8, PDF page 13"
2018,Mar-18,2018-03-01,monthly,42,65,-23,bls/benchmark/ces-benchmark-revision-2018.pdf,"Table 8, PDF page 13"
2018,Total,,annual,"1,039","1,104",-65,bls/benchmark/ces-benchmark-revision-2018.pdf,"Table 8, PDF page 13"
2019,Apr-18,2018-04-01,monthly,318,275,43,bls/benchmark/ces-benchmark-revision-2019.pdf,"Table 8, PDF page 14"
2019,May-18,2018-05-01,monthly,224,215,9,bls/benchmark/ces-benchmark-revision-2019.pdf,"Table 8, PDF page 14"
2019,Jun-18,2018-06-01,monthly,126,112,14,bls/benchmark/ces-benchmark-revision-2019.pdf,"Table 8, PDF page 14"
2019,Jul-18,2018-07-01,monthly,191,171,20,bls/benchmark/ces-benchmark-revision-2019.pdf,"Table 8, PDF page 14"
2019,Aug-18,2018-08-01,monthly,87,105,-18,bls/benchmark/ces-benchmark-revision-2019.pdf,"Table 8, PDF page 14"
2019,Sep-18,2018-09-01,monthly,-91,-61,-30,bls/benchmark/ces-benchmark-revision-2019.pdf,"Table 8, PDF page 14"
2019,Oct-18,2018-10-01,monthly,329,275,54,bls/benchmark/ces-benchmark-revision-2019.pdf,"Table 8, PDF page 14"
2019,Nov-18,2018-11-01,monthly,-36,-5,-31,bls/benchmark/ces-benchmark-revision-2019.pdf,"Table 8, PDF page 14"
2019,Dec-18,2018-12-01,monthly,-80,-32,-48,bls/benchmark/ces-benchmark-revision-2019.pdf,"Table 8, PDF page 14"
2019,Jan-19,2019-01-01,monthly,-161,-175,14,bls/benchmark/ces-benchmark-revision-2019.pdf,"Table 8, PDF page 14"
2019,Feb-19,2019-02-01,monthly,148,137,11,bls/benchmark/ces-benchmark-revision-2019.pdf,"Table 8, PDF page 14"
2019,Mar-19,2019-03-01,monthly,23,51,-28,bls/benchmark/ces-benchmark-revision-2019.pdf,"Table 8, PDF page 14"
2019,Total,,annual,"1,078","1,068",10,bls/benchmark/ces-benchmark-revision-2019.pdf,"Table 8, PDF page 14"
2020,Apr-19,2019-04-01,monthly,286,282,4,bls/benchmark/ces-benchmark-revision-2020.pdf,"Table 8, PDF page 14"
2020,May-19,2019-05-01,monthly,220,209,11,bls/benchmark/ces-benchmark-revision-2020.pdf,"Table 8, PDF page 14"
2020,Jun-19,2019-06-01,monthly,71,109,-38,bls/benchmark/ces-benchmark-revision-2020.pdf,"Table 8, PDF page 14"
2020,Jul-19,2019-07-01,monthly,234,186,48,bls/benchmark/ces-benchmark-revision-2020.pdf,"Table 8, PDF page 14"
2020,Aug-19,2019-08-01,monthly,117,95,22,bls/benchmark/ces-benchmark-revision-2020.pdf,"Table 8, PDF page 14"
2020,Sep-19,2019-09-01,monthly,-118,-75,-43,bls/benchmark/ces-benchmark-revision-2020.pdf,"Table 8, PDF page 14"
2020,Oct-19,2019-10-01,monthly,340,304,36,bls/benchmark/ces-benchmark-revision-2020.pdf,"Table 8, PDF page 14"
2020,Nov-19,2019-11-01,monthly,27,-16,43,bls/benchmark/ces-benchmark-revision-2020.pdf,"Table 8, PDF page 14"
2020,Dec-19,2019-12-01,monthly,-58,-52,-6,bls/benchmark/ces-benchmark-revision-2020.pdf,"Table 8, PDF page 14"
2020,Jan-20,2020-01-01,monthly,-140,-145,5,bls/benchmark/ces-benchmark-revision-2020.pdf,"Table 8, PDF page 14"
2020,Feb-20,2020-02-01,monthly,123,143,-20,bls/benchmark/ces-benchmark-revision-2020.pdf,"Table 8, PDF page 14"
2020,Mar-20,2020-03-01,monthly,-278,26,-304,bls/benchmark/ces-benchmark-revision-2020.pdf,"Table 8, PDF page 14"
2020,Total,,annual,824,"1,066",-242,bls/benchmark/ces-benchmark-revision-2020.pdf,"Table 8, PDF page 14"
2021,Apr-20,2020-04-01,monthly,"-2,162",-470,"-1,692",bls/benchmark/ces-benchmark-revision-2021.pdf,"Table 8, PDF page 18"
2021,May-20,2020-05-01,monthly,782,319,463,bls/benchmark/ces-benchmark-revision-2021.pdf,"Table 8, PDF page 18"
2021,Jun-20,2020-06-01,monthly,543,235,308,bls/benchmark/ces-benchmark-revision-2021.pdf,"Table 8, PDF page 18"
2021,Jul-20,2020-07-01,monthly,523,254,269,bls/benchmark/ces-benchmark-revision-2021.pdf,"Table 8, PDF page 18"
2021,Aug-20,2020-08-01,monthly,253,142,111,bls/benchmark/ces-benchmark-revision-2021.pdf,"Table 8, PDF page 18"
2021,Sep-20,2020-09-01,monthly,-27,-64,37,bls/benchmark/ces-benchmark-revision-2021.pdf,"Table 8, PDF page 18"
2021,Oct-20,2020-10-01,monthly,585,363,222,bls/benchmark/ces-benchmark-revision-2021.pdf,"Table 8, PDF page 18"
2021,Nov-20,2020-11-01,monthly,10,-1,11,bls/benchmark/ces-benchmark-revision-2021.pdf,"Table 8, PDF page 18"
2021,Dec-20,2020-12-01,monthly,-107,18,-125,bls/benchmark/ces-benchmark-revision-2021.pdf,"Table 8, PDF page 18"
2021,Jan-21,2021-01-01,monthly,-85,-143,58,bls/benchmark/ces-benchmark-revision-2021.pdf,"Table 8, PDF page 18"
2021,Feb-21,2021-02-01,monthly,230,131,99,bls/benchmark/ces-benchmark-revision-2021.pdf,"Table 8, PDF page 18"
2021,Mar-21,2021-03-01,monthly,65,38,27,bls/benchmark/ces-benchmark-revision-2021.pdf,"Table 8, PDF page 18"
2021,Total,,annual,610,822,-212,bls/benchmark/ces-benchmark-revision-2021.pdf,"Table 8, PDF page 18"
2022,Apr-21,2021-04-01,monthly,499,309,190,bls/benchmark/ces-benchmark-revision-2022.pdf,"Table 8, PDF page 18"
2022,May-21,2021-05-01,monthly,212,239,-27,bls/benchmark/ces-benchmark-revision-2022.pdf,"Table 8, PDF page 18"
2022,Jun-21,2021-06-01,monthly,13,106,-93,bls/benchmark/ces-benchmark-revision-2022.pdf,"Table 8, PDF page 18"
2022,Jul-21,2021-07-01,monthly,465,264,201,bls/benchmark/ces-benchmark-revision-2022.pdf,"Table 8, PDF page 18"
2022,Aug-21,2021-08-01,monthly,102,146,-44,bls/benchmark/ces-benchmark-revision-2022.pdf,"Table 8, PDF page 18"
2022,Sep-21,2021-09-01,monthly,-217,-87,-130,bls/benchmark/ces-benchmark-revision-2022.pdf,"Table 8, PDF page 18"
2022,Oct-21,2021-10-01,monthly,653,379,274,bls/benchmark/ces-benchmark-revision-2022.pdf,"Table 8, PDF page 18"
2022,Nov-21,2021-11-01,monthly,30,17,13,bls/benchmark/ces-benchmark-revision-2022.pdf,"Table 8, PDF page 18"
2022,Dec-21,2021-12-01,monthly,-20,-42,22,bls/benchmark/ces-benchmark-revision-2022.pdf,"Table 8, PDF page 18"
2022,Jan-22,2022-01-01,monthly,-160,-114,-46,bls/benchmark/ces-benchmark-revision-2022.pdf,"Table 8, PDF page 18"
2022,Feb-22,2022-02-01,monthly,169,156,13,bls/benchmark/ces-benchmark-revision-2022.pdf,"Table 8, PDF page 18"
2022,Mar-22,2022-03-01,monthly,-61,23,-84,bls/benchmark/ces-benchmark-revision-2022.pdf,"Table 8, PDF page 18"
2022,Total,,annual,"1,685","1,396",289,bls/benchmark/ces-benchmark-revision-2022.pdf,"Table 8, PDF page 18"
2023,Apr-22,2022-04-01,monthly,455,323,132,bls/benchmark/ces-benchmark-revision-2023.pdf,"Table 8, PDF page 15"
2023,May-22,2022-05-01,monthly,202,254,-52,bls/benchmark/ces-benchmark-revision-2023.pdf,"Table 8, PDF page 15"
2023,Jun-22,2022-06-01,monthly,50,93,-43,bls/benchmark/ces-benchmark-revision-2023.pdf,"Table 8, PDF page 15"
2023,Jul-22,2022-07-01,monthly,236,327,-91,bls/benchmark/ces-benchmark-revision-2023.pdf,"Table 8, PDF page 15"
2023,Aug-22,2022-08-01,monthly,89,120,-31,bls/benchmark/ces-benchmark-revision-2023.pdf,"Table 8, PDF page 15"
2023,Sep-22,2022-09-01,monthly,-74,-153,79,bls/benchmark/ces-benchmark-revision-2023.pdf,"Table 8, PDF page 15"
2023,Oct-22,2022-10-01,monthly,311,511,-200,bls/benchmark/ces-benchmark-revision-2023.pdf,"Table 8, PDF page 15"
2023,Nov-22,2022-11-01,monthly,1,21,-20,bls/benchmark/ces-benchmark-revision-2023.pdf,"Table 8, PDF page 15"
2023,Dec-22,2022-12-01,monthly,-32,-37,5,bls/benchmark/ces-benchmark-revision-2023.pdf,"Table 8, PDF page 15"
2023,Jan-23,2023-01-01,monthly,-192,-144,-48,bls/benchmark/ces-benchmark-revision-2023.pdf,"Table 8, PDF page 15"
2023,Feb-23,2023-02-01,monthly,117,176,-59,bls/benchmark/ces-benchmark-revision-2023.pdf,"Table 8, PDF page 15"
2023,Mar-23,2023-03-01,monthly,-31,-29,-2,bls/benchmark/ces-benchmark-revision-2023.pdf,"Table 8, PDF page 15"
2023,Total,,annual,"1,132","1,462",-330,bls/benchmark/ces-benchmark-revision-2023.pdf,"Table 8, PDF page 15"
2024,Apr-23,2023-04-01,monthly,389,368,21,bls/benchmark/ces-benchmark-revision-2024.pdf,"Table 8, PDF page 15"
2024,May-23,2023-05-01,monthly,208,244,-36,bls/benchmark/ces-benchmark-revision-2024.pdf,"Table 8, PDF page 15"
2024,Jun-23,2023-06-01,monthly,41,81,-40,bls/benchmark/ces-benchmark-revision-2024.pdf,"Table 8, PDF page 15"
2024,Jul-23,2023-07-01,monthly,217,295,-78,bls/benchmark/ces-benchmark-revision-2024.pdf,"Table 8, PDF page 15"
2024,Aug-23,2023-08-01,monthly,74,110,-36,bls/benchmark/ces-benchmark-revision-2024.pdf,"Table 8, PDF page 15"
2024,Sep-23,2023-09-01,monthly,-105,-117,12,bls/benchmark/ces-benchmark-revision-2024.pdf,"Table 8, PDF page 15"
2024,Oct-23,2023-10-01,monthly,335,425,-90,bls/benchmark/ces-benchmark-revision-2024.pdf,"Table 8, PDF page 15"
2024,Nov-23,2023-11-01,monthly,-9,7,-16,bls/benchmark/ces-benchmark-revision-2024.pdf,"Table 8, PDF page 15"
2024,Dec-23,2023-12-01,monthly,-42,-57,15,bls/benchmark/ces-benchmark-revision-2024.pdf,"Table 8, PDF page 15"
2024,Jan-24,2024-01-01,monthly,-10,-121,111,bls/benchmark/ces-benchmark-revision-2024.pdf,"Table 8, PDF page 15"
2024,Feb-24,2024-02-01,monthly,88,151,-63,bls/benchmark/ces-benchmark-revision-2024.pdf,"Table 8, PDF page 15"
2024,Mar-24,2024-03-01,monthly,-77,-21,-56,bls/benchmark/ces-benchmark-revision-2024.pdf,"Table 8, PDF page 15"
2024,Total,,annual,"1,109","1,365",-256,bls/benchmark/ces-benchmark-revision-2024.pdf,"Table 8, PDF page 15"
2025,Apr-24,2024-04-01,monthly,403,384,19,bls/benchmark/ces-benchmark-revision-2025.pdf,"Table 8, PDF page 16"
2025,May-24,2024-05-01,monthly,131,189,-58,bls/benchmark/ces-benchmark-revision-2025.pdf,"Table 8, PDF page 16"
2025,Jun-24,2024-06-01,monthly,-32,26,-58,bls/benchmark/ces-benchmark-revision-2025.pdf,"Table 8, PDF page 16"
2025,Jul-24,2024-07-01,monthly,272,249,23,bls/benchmark/ces-benchmark-revision-2025.pdf,"Table 8, PDF page 16"
2025,Aug-24,2024-08-01,monthly,73,70,3,bls/benchmark/ces-benchmark-revision-2025.pdf,"Table 8, PDF page 16"
2025,Sep-24,2024-09-01,monthly,-199,-129,-70,bls/benchmark/ces-benchmark-revision-2025.pdf,"Table 8, PDF page 16"
2025,Oct-24,2024-10-01,monthly,441,349,92,bls/benchmark/ces-benchmark-revision-2025.pdf,"Table 8, PDF page 16"
2025,Nov-24,2024-11-01,monthly,-11,12,-23,bls/benchmark/ces-benchmark-revision-2025.pdf,"Table 8, PDF page 16"
2025,Dec-24,2024-12-01,monthly,-132,-46,-86,bls/benchmark/ces-benchmark-revision-2025.pdf,"Table 8, PDF page 16"
2025,Jan-25,2025-01-01,monthly,-2,-105,103,bls/benchmark/ces-benchmark-revision-2025.pdf,"Table 8, PDF page 16"
2025,Feb-25,2025-02-01,monthly,126,136,-10,bls/benchmark/ces-benchmark-revision-2025.pdf,"Table 8, PDF page 16"
2025,Mar-25,2025-03-01,monthly,-85,-33,-52,bls/benchmark/ces-benchmark-revision-2025.pdf,"Table 8, PDF page 16"
2025,Total,,annual,985,"1,102",-117,bls/benchmark/ces-benchmark-revision-2025.pdf,"Table 8, PDF page 16"
