publication_id,publication_kind,benchmark_year,qcew_year,qcew_quarter,release_order,publication_date,release_time_et,source_file,source_locator,source_url
benchmark_preliminary_2000,benchmark_preliminary,2000,,,,2000-11-03,10:00:00,bls/preliminary/jec-2000.txt,release date or header,https://www.bls.gov/news.release/history/jec_11032000.txt
benchmark_preliminary_2001,benchmark_preliminary,2001,,,,2001-10-05,10:00:00,bls/preliminary/jec-2001.txt,release date or header,https://www.bls.gov/news.release/history/jec_10052001.txt
benchmark_preliminary_2002,benchmark_preliminary,2002,,,,2002-10-04,10:00:00,bls/preliminary/empsit-2002.pdf,release date or header,https://www.bls.gov/news.release/archives/empsit_10042002.pdf
benchmark_preliminary_2003,benchmark_preliminary,2003,,,,2003-10-03,10:00:00,bls/preliminary/empsit-2003.pdf,release date or header,https://www.bls.gov/news.release/archives/empsit_10032003.pdf
benchmark_preliminary_2004,benchmark_preliminary,2004,,,,2004-10-08,10:00:00,bls/preliminary/empsit-2004.pdf,release date or header,https://www.bls.gov/news.release/archives/empsit_10082004.pdf
benchmark_preliminary_2005,benchmark_preliminary,2005,,,,2005-10-07,10:00:00,bls/preliminary/empsit-2005.pdf,release date or header,https://www.bls.gov/news.release/archives/empsit_10072005.pdf
benchmark_preliminary_2006,benchmark_preliminary,2006,,,,2006-10-06,10:00:00,bls/preliminary/empsit-2006.pdf,release date or header,https://www.bls.gov/news.release/archives/empsit_10062006.pdf
benchmark_preliminary_2007,benchmark_preliminary,2007,,,,2007-10-05,10:00:00,bls/preliminary/empsit-2007.pdf,release date or header,https://www.bls.gov/news.release/archives/empsit_10052007.pdf
benchmark_preliminary_2008,benchmark_preliminary,2008,,,,2008-10-03,10:00:00,bls/preliminary/empsit-2008.pdf,release date or header,https://www.bls.gov/news.release/archives/empsit_10032008.pdf
benchmark_preliminary_2009,benchmark_preliminary,2009,,,,2009-10-02,10:00:00,bls/preliminary/empsit-2009.pdf,release date or header,https://www.bls.gov/news.release/archives/empsit_10022009.pdf
benchmark_preliminary_2010,benchmark_preliminary,2010,,,,2010-10-08,10:00:00,bls/preliminary/empsit-2010.pdf,release date or header,https://www.bls.gov/news.release/archives/empsit_10082010.pdf
benchmark_preliminary_2011,benchmark_preliminary,2011,,,,2011-10-07,10:00:00,bls/preliminary/empsit-2011.pdf,release date or header,https://www.bls.gov/news.release/archives/empsit_10072011.pdf
benchmark_preliminary_2012,benchmark_preliminary,2012,,,,2012-10-05,10:00:00,bls/preliminary/empsit-2012.pdf,release date or header,https://www.bls.gov/news.release/archives/empsit_10052012.pdf
benchmark_preliminary_2013,benchmark_preliminary,2013,,,,2013-10-22,10:00:00,bls/preliminary/empsit-2013.pdf,release date or header,https://www.bls.gov/news.release/archives/empsit_10222013.pdf
benchmark_preliminary_2014,benchmark_preliminary,2014,,,,2014-10-03,10:00:00,bls/preliminary/empsit-2014.pdf,release date or header,https://www.bls.gov/news.release/archives/empsit_10032014.pdf
benchmark_preliminary_2015,benchmark_preliminary,2015,,,,2015-10-02,10:00:00,bls/preliminary/empsit-2015.pdf,release date or header,https://www.bls.gov/news.release/archives/empsit_10022015.pdf
benchmark_preliminary_2016,benchmark_preliminary,2016,,,,2016-10-07,10:00:00,bls/preliminary/empsit-2016.pdf,release date or header,https://www.bls.gov/news.release/archives/empsit_10072016.pdf
benchmark_preliminary_2017,benchmark_preliminary,2017,,,,2017-10-06,10:00:00,bls/preliminary/empsit-2017.pdf,release date or header,https://www.bls.gov/news.release/archives/empsit_10062017.pdf
benchmark_preliminary_2018,benchmark_preliminary,2018,,,,2018-10-05,10:00:00,bls/preliminary/empsit-2018.pdf,release date or header,https://www.bls.gov/news.release/archives/empsit_10052018.pdf
benchmark_preliminary_2019,benchmark_preliminary,2019,,,,2019-08-21,10:00:00,bls/preliminary/preliminary-2019.htm,release date or header,https://www.bls.gov/blog/2019/what-is-benchmarking-of-bureau-of-labor-statistics-employment-data.htm
benchmark_preliminary_2020,benchmark_preliminary,2020,,,,2020-08-19,10:00:00,bls/preliminary/preliminary-2020.htm,release date or header,https://www.bls.gov/ces/notices/2020/2020-ces-benchmark-revision.htm
benchmark_preliminary_2021,benchmark_preliminary,2021,,,,2021-08-18,10:00:00,bls/preliminary/preliminary-2021.htm,release date or header,https://www.bls.gov/ces/notices/2021/2021-ces-preliminary-benchmark-revision.htm
benchmark_preliminary_2022,benchmark_preliminary,2022,,,,2022-08-24,10:00:00,bls/preliminary/preliminary-2022.htm,release date or header,https://www.bls.gov/ces/notices/2022/2022-ces-preliminary-benchmark-revision.htm
benchmark_preliminary_2023,benchmark_preliminary,2023,,,,2023-08-23,10:00:00,bls/preliminary/preliminary-2023.htm,release date or header,https://www.bls.gov/ces/notices/2023/2023-preliminary-benchmark-revision.htm
benchmark_preliminary_2024,benchmark_preliminary,2024,,,,2024-08-21,10:00:00,bls/preliminary/preliminary-2024.htm,release date or header,https://www.bls.gov/ces/notices/2024/2024-preliminary-benchmark-revision.htm
benchmark_preliminary_2025,benchmark_preliminary,2025,,,,2025-09-09,10:00:00,bls/preliminary/prebmk-2025.htm,release date or header,https://www.bls.gov/news.release/archives/prebmk_09092025.htm
benchmark_preliminary_2026,benchmark_preliminary,2026,,,,2026-08-28,10:00:00,bls/preliminary/prebmk-2026.htm,release date or header,https://www.bls.gov/news.release/archives/prebmk_08282026.htm
qcew_2017_q1_0,qcew_revision,,2017,1,0,2017-09-06,10:00:00,bls/qcew-release-archive.htm,2017 Q1 release link,https://www.bls.gov/news.release/archives/cewqtr_09062017.htm
qcew_2017_q1_1,qcew_revision,,2017,1,1,2017-12-05,10:00:00,bls/qcew-release-archive.htm,2017 Q2 release link,https://www.bls.gov/news.release/archives/cewqtr_12052017.htm
qcew_2017_q1_2,qcew_revision,,2017,1,2,2018-03-08,10:00:00,bls/qcew-release-archive.htm,2017 Q3 release link,https://www.bls.gov/news.release/archives/cewqtr_03082018.htm
qcew_2017_q1_3,qcew_revision,,2017,1,3,2018-05-23,10:00:00,bls/qcew-release-archive.htm,2017 Q4 release link,https://www.bls.gov/news.release/archives/cewqtr_05232018.htm
qcew_2017_q1_4,qcew_revision,,2017,1,4,2018-08-22,10:00:00,bls/qcew-release-archive.htm,2018 Q1 release link,https://www.bls.gov/news.release/archives/cewqtr_08222018.htm
qcew_2017_q2_0,qcew_revision,,2017,2,0,2017-12-05,10:00:00,bls/qcew-release-archive.htm,2017 Q2 release link,https://www.bls.gov/news.release/archives/cewqtr_12052017.htm
qcew_2017_q2_1,qcew_revision,,2017,2,1,2018-03-08,10:00:00,bls/qcew-release-archive.htm,2017 Q3 release link,https://www.bls.gov/news.release/archives/cewqtr_03082018.htm
qcew_2017_q2_2,qcew_revision,,2017,2,2,2018-05-23,10:00:00,bls/qcew-release-archive.htm,2017 Q4 release link,https://www.bls.gov/news.release/archives/cewqtr_05232018.htm
qcew_2017_q2_3,qcew_revision,,2017,2,3,2018-08-22,10:00:00,bls/qcew-release-archive.htm,2018 Q1 release link,https://www.bls.gov/news.release/archives/cewqtr_08222018.htm
qcew_2017_q3_0,qcew_revision,,2017,3,0,2018-03-08,10:00:00,bls/qcew-release-archive.htm,2017 Q3 release link,https://www.bls.gov/news.release/archives/cewqtr_03082018.htm
qcew_2017_q3_1,qcew_revision,,2017,3,1,2018-05-23,10:00:00,bls/qcew-release-archive.htm,2017 Q4 release link,https://www.bls.gov/news.release/archives/cewqtr_05232018.htm
qcew_2017_q3_2,qcew_revision,,2017,3,2,2018-08-22,10:00:00,bls/qcew-release-archive.htm,2018 Q1 release link,https://www.bls.gov/news.release/archives/cewqtr_08222018.htm
qcew_2017_q4_0,qcew_revision,,2017,4,0,2018-05-23,10:00:00,bls/qcew-release-archive.htm,2017 Q4 release link,https://www.bls.gov/news.release/archives/cewqtr_05232018.htm
qcew_2017_q4_1,qcew_revision,,2017,4,1,2018-08-22,10:00:00,bls/qcew-release-archive.htm,2018 Q1 release link,https://www.bls.gov/news.release/archives/cewqtr_08222018.htm
qcew_2018_q1_0,qcew_revision,,2018,1,0,2018-08-22,10:00:00,bls/qcew-release-archive.htm,2018 Q1 release link,https://www.bls.gov/news.release/archives/cewqtr_08222018.htm
qcew_2018_q1_1,qcew_revision,,2018,1,1,2018-11-21,10:00:00,bls/qcew-release-archive.htm,2018 Q2 release link,https://www.bls.gov/news.release/archives/cewqtr_11212018.htm
qcew_2018_q1_2,qcew_revision,,2018,1,2,2019-02-20,10:00:00,bls/qcew-release-archive.htm,2018 Q3 release link,https://www.bls.gov/news.release/archives/cewqtr_02202019.htm
qcew_2018_q1_3,qcew_revision,,2018,1,3,2019-05-22,10:00:00,bls/qcew-release-archive.htm,2018 Q4 release link,https://www.bls.gov/news.release/archives/cewqtr_05222019.htm
qcew_2018_q1_4,qcew_revision,,2018,1,4,2019-08-21,10:00:00,bls/qcew-release-archive.htm,2019 Q1 release link,https://www.bls.gov/news.release/archives/cewqtr_08212019.htm
qcew_2018_q2_0,qcew_revision,,2018,2,0,2018-11-21,10:00:00,bls/qcew-release-archive.htm,2018 Q2 release link,https://www.bls.gov/news.release/archives/cewqtr_11212018.htm
qcew_2018_q2_1,qcew_revision,,2018,2,1,2019-02-20,10:00:00,bls/qcew-release-archive.htm,2018 Q3 release link,https://www.bls.gov/news.release/archives/cewqtr_02202019.htm
qcew_2018_q2_2,qcew_revision,,2018,2,2,2019-05-22,10:00:00,bls/qcew-release-archive.htm,2018 Q4 release link,https://www.bls.gov/news.release/archives/cewqtr_05222019.htm
qcew_2018_q2_3,qcew_revision,,2018,2,3,2019-08-21,10:00:00,bls/qcew-release-archive.htm,2019 Q1 release link,https://www.bls.gov/news.release/archives/cewqtr_08212019.htm
qcew_2018_q3_0,qcew_revision,,2018,3,0,2019-02-20,10:00:00,bls/qcew-release-archive.htm,2018 Q3 release link,https://www.bls.gov/news.release/archives/cewqtr_02202019.htm
qcew_2018_q3_1,qcew_revision,,2018,3,1,2019-05-22,10:00:00,bls/qcew-release-archive.htm,2018 Q4 release link,https://www.bls.gov/news.release/archives/cewqtr_05222019.htm
qcew_2018_q3_2,qcew_revision,,2018,3,2,2019-08-21,10:00:00,bls/qcew-release-archive.htm,2019 Q1 release link,https://www.bls.gov/news.release/archives/cewqtr_08212019.htm
qcew_2018_q4_0,qcew_revision,,2018,4,0,2019-05-22,10:00:00,bls/qcew-release-archive.htm,2018 Q4 release link,https://www.bls.gov/news.release/archives/cewqtr_05222019.htm
qcew_2018_q4_1,qcew_revision,,2018,4,1,2019-08-21,10:00:00,bls/qcew-release-archive.htm,2019 Q1 release link,https://www.bls.gov/news.release/archives/cewqtr_08212019.htm
qcew_2019_q1_0,qcew_revision,,2019,1,0,2019-08-21,10:00:00,bls/qcew-release-archive.htm,2019 Q1 release link,https://www.bls.gov/news.release/archives/cewqtr_08212019.htm
qcew_2019_q1_1,qcew_revision,,2019,1,1,2019-11-20,10:00:00,bls/qcew-release-archive.htm,2019 Q2 release link,https://www.bls.gov/news.release/archives/cewqtr_11202019.htm
qcew_2019_q1_2,qcew_revision,,2019,1,2,2020-02-20,10:00:00,bls/qcew-release-archive.htm,2019 Q3 release link,https://www.bls.gov/news.release/archives/cewqtr_02202020.htm
qcew_2019_q1_3,qcew_revision,,2019,1,3,2020-05-20,10:00:00,bls/qcew-release-archive.htm,2019 Q4 release link,https://www.bls.gov/news.release/archives/cewqtr_05202020.htm
qcew_2019_q1_4,qcew_revision,,2019,1,4,2020-08-19,10:00:00,bls/qcew-release-archive.htm,2020 Q1 release link,https://www.bls.gov/news.release/archives/cewqtr_08192020.htm
qcew_2019_q2_0,qcew_revision,,2019,2,0,2019-11-20,10:00:00,bls/qcew-release-archive.htm,2019 Q2 release link,https://www.bls.gov/news.release/archives/cewqtr_11202019.htm
qcew_2019_q2_1,qcew_revision,,2019,2,1,2020-02-20,10:00:00,bls/qcew-release-archive.htm,2019 Q3 release link,https://www.bls.gov/news.release/archives/cewqtr_02202020.htm
qcew_2019_q2_2,qcew_revision,,2019,2,2,2020-05-20,10:00:00,bls/qcew-release-archive.htm,2019 Q4 release link,https://www.bls.gov/news.release/archives/cewqtr_05202020.htm
qcew_2019_q2_3,qcew_revision,,2019,2,3,2020-08-19,10:00:00,bls/qcew-release-archive.htm,2020 Q1 release link,https://www.bls.gov/news.release/archives/cewqtr_08192020.htm
qcew_2019_q3_0,qcew_revision,,2019,3,0,2020-02-20,10:00:00,bls/qcew-release-archive.htm,2019 Q3 release link,https://www.bls.gov/news.release/archives/cewqtr_02202020.htm
qcew_2019_q3_1,qcew_revision,,2019,3,1,2020-05-20,10:00:00,bls/qcew-release-archive.htm,2019 Q4 release link,https://www.bls.gov/news.release/archives/cewqtr_05202020.htm
qcew_2019_q3_2,qcew_revision,,2019,3,2,2020-08-19,10:00:00,bls/qcew-release-archive.htm,2020 Q1 release link,https://www.bls.gov/news.release/archives/cewqtr_08192020.htm
qcew_2019_q4_0,qcew_revision,,2019,4,0,2020-05-20,10:00:00,bls/qcew-release-archive.htm,2019 Q4 release link,https://www.bls.gov/news.release/archives/cewqtr_05202020.htm
qcew_2019_q4_1,qcew_revision,,2019,4,1,2020-08-19,10:00:00,bls/qcew-release-archive.htm,2020 Q1 release link,https://www.bls.gov/news.release/archives/cewqtr_08192020.htm
qcew_2020_q1_0,qcew_revision,,2020,1,0,2020-08-19,10:00:00,bls/qcew-release-archive.htm,2020 Q1 release link,https://www.bls.gov/news.release/archives/cewqtr_08192020.htm
qcew_2020_q1_1,qcew_revision,,2020,1,1,2020-11-18,10:00:00,bls/qcew-release-archive.htm,2020 Q2 release link,https://www.bls.gov/news.release/archives/cewqtr_11182020.htm
qcew_2020_q1_2,qcew_revision,,2020,1,2,2021-02-24,10:00:00,bls/qcew-release-archive.htm,2020 Q3 release link,https://www.bls.gov/news.release/archives/cewqtr_02242021.htm
qcew_2020_q1_3,qcew_revision,,2020,1,3,2021-05-19,10:00:00,bls/qcew-release-archive.htm,2020 Q4 release link,https://www.bls.gov/news.release/archives/cewqtr_05192021.htm
qcew_2020_q1_4,qcew_revision,,2020,1,4,2021-08-18,10:00:00,bls/qcew-release-archive.htm,2021 Q1 release link,https://www.bls.gov/news.release/archives/cewqtr_08182021.htm
qcew_2020_q2_0,qcew_revision,,2020,2,0,2020-11-18,10:00:00,bls/qcew-release-archive.htm,2020 Q2 release link,https://www.bls.gov/news.release/archives/cewqtr_11182020.htm
qcew_2020_q2_1,qcew_revision,,2020,2,1,2021-02-24,10:00:00,bls/qcew-release-archive.htm,2020 Q3 release link,https://www.bls.gov/news.release/archives/cewqtr_02242021.htm
qcew_2020_q2_2,qcew_revision,,2020,2,2,2021-05-19,10:00:00,bls/qcew-release-archive.htm,2020 Q4 release link,https://www.bls.gov/news.release/archives/cewqtr_05192021.htm
qcew_2020_q2_3,qcew_revision,,2020,2,3,2021-08-18,10:00:00,bls/qcew-release-archive.htm,2021 Q1 release link,https://www.bls.gov/news.release/archives/cewqtr_08182021.htm
qcew_2020_q3_0,qcew_revision,,2020,3,0,2021-02-24,10:00:00,bls/qcew-release-archive.htm,2020 Q3 release link,https://www.bls.gov/news.release/archives/cewqtr_02242021.htm
qcew_2020_q3_1,qcew_revision,,2020,3,1,2021-05-19,10:00:00,bls/qcew-release-archive.htm,2020 Q4 release link,https://www.bls.gov/news.release/archives/cewqtr_05192021.htm
qcew_2020_q3_2,qcew_revision,,2020,3,2,2021-08-18,10:00:00,bls/qcew-release-archive.htm,2021 Q1 release link,https://www.bls.gov/news.release/archives/cewqtr_08182021.htm
qcew_2020_q4_0,qcew_revision,,2020,4,0,2021-05-19,10:00:00,bls/qcew-release-archive.htm,2020 Q4 release link,https://www.bls.gov/news.release/archives/cewqtr_05192021.htm
qcew_2020_q4_1,qcew_revision,,2020,4,1,2021-08-18,10:00:00,bls/qcew-release-archive.htm,2021 Q1 release link,https://www.bls.gov/news.release/archives/cewqtr_08182021.htm
qcew_2021_q1_0,qcew_revision,,2021,1,0,2021-08-18,10:00:00,bls/qcew-release-archive.htm,2021 Q1 release link,https://www.bls.gov/news.release/archives/cewqtr_08182021.htm
qcew_2021_q1_1,qcew_revision,,2021,1,1,2021-11-23,10:00:00,bls/qcew-release-archive.htm,2021 Q2 release link,https://www.bls.gov/news.release/archives/cewqtr_11232021.htm
qcew_2021_q1_2,qcew_revision,,2021,1,2,2022-02-23,10:00:00,bls/qcew-release-archive.htm,2021 Q3 release link,https://www.bls.gov/news.release/archives/cewqtr_02232022.htm
qcew_2021_q1_3,qcew_revision,,2021,1,3,2022-05-25,10:00:00,bls/qcew-release-archive.htm,2021 Q4 release link,https://www.bls.gov/news.release/archives/cewqtr_05252022.htm
qcew_2021_q1_4,qcew_revision,,2021,1,4,2022-08-24,10:00:00,bls/qcew-release-archive.htm,2022 Q1 release link,https://www.bls.gov/news.release/archives/cewqtr_08242022.htm
qcew_2021_q2_0,qcew_revision,,2021,2,0,2021-11-23,10:00:00,bls/qcew-release-archive.htm,2021 Q2 release link,https://www.bls.gov/news.release/archives/cewqtr_11232021.htm
qcew_2021_q2_1,qcew_revision,,2021,2,1,2022-02-23,10:00:00,bls/qcew-release-archive.htm,2021 Q3 release link,https://www.bls.gov/news.release/archives/cewqtr_02232022.htm
qcew_2021_q2_2,qcew_revision,,2021,2,2,2022-05-25,10:00:00,bls/qcew-release-archive.htm,2021 Q4 release link,https://www.bls.gov/news.release/archives/cewqtr_05252022.htm
qcew_2021_q2_3,qcew_revision,,2021,2,3,2022-08-24,10:00:00,bls/qcew-release-archive.htm,2022 Q1 release link,https://www.bls.gov/news.release/archives/cewqtr_08242022.htm
qcew_2021_q3_0,qcew_revision,,2021,3,0,2022-02-23,10:00:00,bls/qcew-release-archive.htm,2021 Q3 release link,https://www.bls.gov/news.release/archives/cewqtr_02232022.htm
qcew_2021_q3_1,qcew_revision,,2021,3,1,2022-05-25,10:00:00,bls/qcew-release-archive.htm,2021 Q4 release link,https://www.bls.gov/news.release/archives/cewqtr_05252022.htm
qcew_2021_q3_2,qcew_revision,,2021,3,2,2022-08-24,10:00:00,bls/qcew-release-archive.htm,2022 Q1 release link,https://www.bls.gov/news.release/archives/cewqtr_08242022.htm
qcew_2021_q4_0,qcew_revision,,2021,4,0,2022-05-25,10:00:00,bls/qcew-release-archive.htm,2021 Q4 release link,https://www.bls.gov/news.release/archives/cewqtr_05252022.htm
qcew_2021_q4_1,qcew_revision,,2021,4,1,2022-08-24,10:00:00,bls/qcew-release-archive.htm,2022 Q1 release link,https://www.bls.gov/news.release/archives/cewqtr_08242022.htm
qcew_2022_q1_0,qcew_revision,,2022,1,0,2022-08-24,10:00:00,bls/qcew-release-archive.htm,2022 Q1 release link,https://www.bls.gov/news.release/archives/cewqtr_08242022.htm
qcew_2022_q1_1,qcew_revision,,2022,1,1,2022-11-22,10:00:00,bls/qcew-release-archive.htm,2022 Q2 release link,https://www.bls.gov/news.release/archives/cewqtr_11222022.htm
qcew_2022_q1_2,qcew_revision,,2022,1,2,2023-02-22,10:00:00,bls/qcew-release-archive.htm,2022 Q3 release link,https://www.bls.gov/news.release/archives/cewqtr_02222023.htm
qcew_2022_q1_3,qcew_revision,,2022,1,3,2023-05-24,10:00:00,bls/qcew-release-archive.htm,2022 Q4 release link,https://www.bls.gov/news.release/archives/cewqtr_05242023.htm
qcew_2022_q1_4,qcew_revision,,2022,1,4,2023-08-23,10:00:00,bls/qcew-release-archive.htm,2023 Q1 release link,https://www.bls.gov/news.release/archives/cewqtr_08232023.htm
qcew_2022_q2_0,qcew_revision,,2022,2,0,2022-11-22,10:00:00,bls/qcew-release-archive.htm,2022 Q2 release link,https://www.bls.gov/news.release/archives/cewqtr_11222022.htm
qcew_2022_q2_1,qcew_revision,,2022,2,1,2023-02-22,10:00:00,bls/qcew-release-archive.htm,2022 Q3 release link,https://www.bls.gov/news.release/archives/cewqtr_02222023.htm
qcew_2022_q2_2,qcew_revision,,2022,2,2,2023-05-24,10:00:00,bls/qcew-release-archive.htm,2022 Q4 release link,https://www.bls.gov/news.release/archives/cewqtr_05242023.htm
qcew_2022_q2_3,qcew_revision,,2022,2,3,2023-08-23,10:00:00,bls/qcew-release-archive.htm,2023 Q1 release link,https://www.bls.gov/news.release/archives/cewqtr_08232023.htm
qcew_2022_q3_0,qcew_revision,,2022,3,0,2023-02-22,10:00:00,bls/qcew-release-archive.htm,2022 Q3 release link,https://www.bls.gov/news.release/archives/cewqtr_02222023.htm
qcew_2022_q3_1,qcew_revision,,2022,3,1,2023-05-24,10:00:00,bls/qcew-release-archive.htm,2022 Q4 release link,https://www.bls.gov/news.release/archives/cewqtr_05242023.htm
qcew_2022_q3_2,qcew_revision,,2022,3,2,2023-08-23,10:00:00,bls/qcew-release-archive.htm,2023 Q1 release link,https://www.bls.gov/news.release/archives/cewqtr_08232023.htm
qcew_2022_q4_0,qcew_revision,,2022,4,0,2023-05-24,10:00:00,bls/qcew-release-archive.htm,2022 Q4 release link,https://www.bls.gov/news.release/archives/cewqtr_05242023.htm
qcew_2022_q4_1,qcew_revision,,2022,4,1,2023-08-23,10:00:00,bls/qcew-release-archive.htm,2023 Q1 release link,https://www.bls.gov/news.release/archives/cewqtr_08232023.htm
qcew_2023_q1_0,qcew_revision,,2023,1,0,2023-08-23,10:00:00,bls/qcew-release-archive.htm,2023 Q1 release link,https://www.bls.gov/news.release/archives/cewqtr_08232023.htm
qcew_2023_q1_1,qcew_revision,,2023,1,1,2023-11-21,10:00:00,bls/qcew-release-archive.htm,2023 Q2 release link,https://www.bls.gov/news.release/archives/cewqtr_11212023.htm
qcew_2023_q1_2,qcew_revision,,2023,1,2,2024-02-21,10:00:00,bls/qcew-release-archive.htm,2023 Q3 release link,https://www.bls.gov/news.release/archives/cewqtr_02212024.htm
qcew_2023_q1_3,qcew_revision,,2023,1,3,2024-05-22,10:00:00,bls/qcew-release-archive.htm,2023 Q4 release link,https://www.bls.gov/news.release/archives/cewqtr_05222024.htm
qcew_2023_q1_4,qcew_revision,,2023,1,4,2024-08-21,10:00:00,bls/qcew-release-archive.htm,2024 Q1 release link,https://www.bls.gov/news.release/archives/cewqtr_08212024.htm
qcew_2023_q2_0,qcew_revision,,2023,2,0,2023-11-21,10:00:00,bls/qcew-release-archive.htm,2023 Q2 release link,https://www.bls.gov/news.release/archives/cewqtr_11212023.htm
qcew_2023_q2_1,qcew_revision,,2023,2,1,2024-02-21,10:00:00,bls/qcew-release-archive.htm,2023 Q3 release link,https://www.bls.gov/news.release/archives/cewqtr_02212024.htm
qcew_2023_q2_2,qcew_revision,,2023,2,2,2024-05-22,10:00:00,bls/qcew-release-archive.htm,2023 Q4 release link,https://www.bls.gov/news.release/archives/cewqtr_05222024.htm
qcew_2023_q2_3,qcew_revision,,2023,2,3,2024-08-21,10:00:00,bls/qcew-release-archive.htm,2024 Q1 release link,https://www.bls.gov/news.release/archives/cewqtr_08212024.htm
qcew_2023_q3_0,qcew_revision,,2023,3,0,2024-02-21,10:00:00,bls/qcew-release-archive.htm,2023 Q3 release link,https://www.bls.gov/news.release/archives/cewqtr_02212024.htm
qcew_2023_q3_1,qcew_revision,,2023,3,1,2024-05-22,10:00:00,bls/qcew-release-archive.htm,2023 Q4 release link,https://www.bls.gov/news.release/archives/cewqtr_05222024.htm
qcew_2023_q3_2,qcew_revision,,2023,3,2,2024-08-21,10:00:00,bls/qcew-release-archive.htm,2024 Q1 release link,https://www.bls.gov/news.release/archives/cewqtr_08212024.htm
qcew_2023_q4_0,qcew_revision,,2023,4,0,2024-05-22,10:00:00,bls/qcew-release-archive.htm,2023 Q4 release link,https://www.bls.gov/news.release/archives/cewqtr_05222024.htm
qcew_2023_q4_1,qcew_revision,,2023,4,1,2024-08-21,10:00:00,bls/qcew-release-archive.htm,2024 Q1 release link,https://www.bls.gov/news.release/archives/cewqtr_08212024.htm
qcew_2024_q1_0,qcew_revision,,2024,1,0,2024-08-21,10:00:00,bls/qcew-release-archive.htm,2024 Q1 release link,https://www.bls.gov/news.release/archives/cewqtr_08212024.htm
qcew_2024_q1_1,qcew_revision,,2024,1,1,2024-11-20,10:00:00,bls/qcew-release-archive.htm,2024 Q2 release link,https://www.bls.gov/news.release/archives/cewqtr_11202024.htm
qcew_2024_q1_2,qcew_revision,,2024,1,2,2025-02-19,10:00:00,bls/qcew-release-archive.htm,2024 Q3 release link,https://www.bls.gov/news.release/archives/cewqtr_02192025.htm
qcew_2024_q1_3,qcew_revision,,2024,1,3,2025-06-04,10:00:00,bls/qcew-release-archive.htm,2024 Q4 release link,https://www.bls.gov/news.release/archives/cewqtr_06042025.htm
qcew_2024_q1_4,qcew_revision,,2024,1,4,2025-09-09,10:00:00,bls/qcew-release-archive.htm,2025 Q1 release link,https://www.bls.gov/news.release/archives/cewqtr_09092025.htm
qcew_2024_q2_0,qcew_revision,,2024,2,0,2024-11-20,10:00:00,bls/qcew-release-archive.htm,2024 Q2 release link,https://www.bls.gov/news.release/archives/cewqtr_11202024.htm
qcew_2024_q2_1,qcew_revision,,2024,2,1,2025-02-19,10:00:00,bls/qcew-release-archive.htm,2024 Q3 release link,https://www.bls.gov/news.release/archives/cewqtr_02192025.htm
qcew_2024_q2_2,qcew_revision,,2024,2,2,2025-06-04,10:00:00,bls/qcew-release-archive.htm,2024 Q4 release link,https://www.bls.gov/news.release/archives/cewqtr_06042025.htm
qcew_2024_q2_3,qcew_revision,,2024,2,3,2025-09-09,10:00:00,bls/qcew-release-archive.htm,2025 Q1 release link,https://www.bls.gov/news.release/archives/cewqtr_09092025.htm
qcew_2024_q3_0,qcew_revision,,2024,3,0,2025-02-19,10:00:00,bls/qcew-release-archive.htm,2024 Q3 release link,https://www.bls.gov/news.release/archives/cewqtr_02192025.htm
qcew_2024_q3_1,qcew_revision,,2024,3,1,2025-06-04,10:00:00,bls/qcew-release-archive.htm,2024 Q4 release link,https://www.bls.gov/news.release/archives/cewqtr_06042025.htm
qcew_2024_q3_2,qcew_revision,,2024,3,2,2025-09-09,10:00:00,bls/qcew-release-archive.htm,2025 Q1 release link,https://www.bls.gov/news.release/archives/cewqtr_09092025.htm
qcew_2024_q4_0,qcew_revision,,2024,4,0,2025-06-04,10:00:00,bls/qcew-release-archive.htm,2024 Q4 release link,https://www.bls.gov/news.release/archives/cewqtr_06042025.htm
qcew_2024_q4_1,qcew_revision,,2024,4,1,2025-09-09,10:00:00,bls/qcew-release-archive.htm,2025 Q1 release link,https://www.bls.gov/news.release/archives/cewqtr_09092025.htm
qcew_2025_q1_0,qcew_revision,,2025,1,0,2025-09-09,10:00:00,bls/qcew-release-archive.htm,2025 Q1 release link,https://www.bls.gov/news.release/archives/cewqtr_09092025.htm
qcew_2025_q1_1,qcew_revision,,2025,1,1,2025-12-19,10:00:00,bls/qcew-release-archive.htm,2025 Q2 release link,https://www.bls.gov/news.release/archives/cewqtr_12192025.htm
qcew_2025_q1_2,qcew_revision,,2025,1,2,2026-03-10,10:00:00,bls/qcew-release-archive.htm,2025 Q3 release link,https://www.bls.gov/news.release/archives/cewqtr_03102026.htm
qcew_2025_q1_3,qcew_revision,,2025,1,3,2026-06-02,10:00:00,bls/qcew-release-archive.htm,2025 Q4 release link,https://www.bls.gov/news.release/archives/cewqtr_06022026.htm
qcew_2025_q1_4,qcew_revision,,2025,1,4,2026-08-28,10:00:00,bls/qcew-release-archive.htm,2026 Q1 release link,https://www.bls.gov/news.release/archives/cewqtr_08282026.htm
qcew_2025_q2_0,qcew_revision,,2025,2,0,2025-12-19,10:00:00,bls/qcew-release-archive.htm,2025 Q2 release link,https://www.bls.gov/news.release/archives/cewqtr_12192025.htm
qcew_2025_q2_1,qcew_revision,,2025,2,1,2026-03-10,10:00:00,bls/qcew-release-archive.htm,2025 Q3 release link,https://www.bls.gov/news.release/archives/cewqtr_03102026.htm
qcew_2025_q2_2,qcew_revision,,2025,2,2,2026-06-02,10:00:00,bls/qcew-release-archive.htm,2025 Q4 release link,https://www.bls.gov/news.release/archives/cewqtr_06022026.htm
qcew_2025_q2_3,qcew_revision,,2025,2,3,2026-08-28,10:00:00,bls/qcew-release-archive.htm,2026 Q1 release link,https://www.bls.gov/news.release/archives/cewqtr_08282026.htm
qcew_2025_q3_0,qcew_revision,,2025,3,0,2026-03-10,10:00:00,bls/qcew-release-archive.htm,2025 Q3 release link,https://www.bls.gov/news.release/archives/cewqtr_03102026.htm
qcew_2025_q3_1,qcew_revision,,2025,3,1,2026-06-02,10:00:00,bls/qcew-release-archive.htm,2025 Q4 release link,https://www.bls.gov/news.release/archives/cewqtr_06022026.htm
qcew_2025_q3_2,qcew_revision,,2025,3,2,2026-08-28,10:00:00,bls/qcew-release-archive.htm,2026 Q1 release link,https://www.bls.gov/news.release/archives/cewqtr_08282026.htm
qcew_2025_q4_0,qcew_revision,,2025,4,0,2026-06-02,10:00:00,bls/qcew-release-archive.htm,2025 Q4 release link,https://www.bls.gov/news.release/archives/cewqtr_06022026.htm
qcew_2025_q4_1,qcew_revision,,2025,4,1,2026-08-28,10:00:00,bls/qcew-release-archive.htm,2026 Q1 release link,https://www.bls.gov/news.release/archives/cewqtr_08282026.htm
qcew_2026_q1_0,qcew_revision,,2026,1,0,2026-08-28,10:00:00,bls/qcew-release-archive.htm,2026 Q1 release link,https://www.bls.gov/news.release/archives/cewqtr_08282026.htm
